source,target,source_observation_id,magnitude_type,observed_at_utc,date_utc,julian_date,magnitude,magnitude_error,band,observer_code,fetched_at_utc
AAVSO,ALF ORI,1312011561,,2025-05-27T21:23:02Z,2025-05-27,2460823.391,0.4,,Vis.,AAX,2026-05-27T08:09:57Z
AAVSO,ALF ORI,1312011562,,2025-05-29T21:22:01Z,2025-05-29,2460825.3903,0.5,,Vis.,AAX,2026-05-28T07:20:35Z
AAVSO,ALF ORI,1312007582,STD,2025-05-30T14:04:38Z,2025-05-30,2460826.08656,0.645,0.012,V,NOT,2026-05-28T07:20:35Z
AAVSO,alf Ori,1312007520,,2025-05-31T08:17:57Z,2025-05-31,2460826.8458,0.65,,Vis.,SRX,2026-05-28T07:20:35Z
AAVSO,ALF ORI,1312865306,,2025-05-31T08:17:57Z,2025-05-31,2460826.8458,0.7,,Vis.,SRX,2026-05-28T07:20:35Z
AAVSO,alf Ori,1312095429,STD,2025-06-03T08:27:01Z,2025-06-03,2460829.8521,0.65,,Vis.,SRX,2026-05-28T07:20:35Z
AAVSO,ALF ORI,1313047832,,2025-06-03T08:27:01Z,2025-06-03,2460829.8521,0.7,,Vis.,SRX,2026-05-28T07:20:35Z
AAVSO,ALF ORI,1312209512,STD,2025-06-11T12:39:15Z,2025-06-11,2460838.02726,0.633,0.034,V,NOT,2026-05-28T07:20:35Z
AAVSO,ALF ORI,1312209513,STD,2025-06-13T11:19:57Z,2025-06-13,2460839.97219,0.599,0.026,V,NOT,2026-05-28T07:20:35Z
AAVSO,ALF ORI,1312325226,STD,2025-06-19T11:31:29Z,2025-06-19,2460845.9802,0.626,0.02,V,NOT,2026-05-28T07:20:35Z
AAVSO,ALF ORI,1312325227,STD,2025-06-20T12:12:51Z,2025-06-20,2460847.00893,0.624,0.008,V,NOT,2026-05-28T07:20:35Z
AAVSO,ALF ORI,1312456052,STD,2025-06-24T11:21:02Z,2025-06-24,2460850.97294,0.626,0.016,V,NOT,2026-05-28T07:20:35Z
AAVSO,ALF ORI,1312456053,STD,2025-06-25T11:31:36Z,2025-06-25,2460851.98028,0.608,0.02,V,NOT,2026-05-28T07:20:35Z
AAVSO,ALF ORI,1312520578,STD,2025-06-29T09:39:00Z,2025-06-29,2460855.90209,0.6,0.016,V,NOT,2026-05-28T07:20:35Z
AAVSO,ALF ORI,1312685273,STD,2025-06-30T10:00:38Z,2025-06-30,2460856.91711,0.602,0.013,V,NOT,2026-05-28T07:20:35Z
AAVSO,ALF ORI,1312685281,STD,2025-07-01T11:22:58Z,2025-07-01,2460857.97429,0.608,0.015,V,NOT,2026-05-28T07:20:35Z
AAVSO,ALF ORI,1313238851,,2025-07-08T09:08:03Z,2025-07-08,2460864.8806,0.2,,Vis.,AAX,2026-05-28T07:20:35Z
AAVSO,ALF ORI,1313238852,,2025-07-09T09:09:56Z,2025-07-09,2460865.8819,0.2,,Vis.,AAX,2026-05-28T07:20:35Z
AAVSO,ALF ORI,1313238853,,2025-07-10T09:13:58Z,2025-07-10,2460866.8847,0.4,,Vis.,AAX,2026-05-28T07:20:35Z
AAVSO,ALF ORI,1313238854,,2025-07-15T09:08:03Z,2025-07-15,2460871.8806,0.6,,Vis.,AAX,2026-05-28T07:20:35Z
AAVSO,ALF ORI,1313238855,,2025-07-18T08:33:04Z,2025-07-18,2460874.8563,0.2,,Vis.,AAX,2026-05-28T07:20:35Z
AAVSO,ALF ORI,1313240326,STD,2025-07-18T08:35:16Z,2025-07-18,2460874.85783,0.579,0.042,V,NOT,2026-05-28T07:20:35Z
AAVSO,ALF ORI,1313240327,STD,2025-07-19T08:43:07Z,2025-07-19,2460875.86328,0.593,0.019,V,NOT,2026-05-28T07:20:35Z
AAVSO,ALF ORI,1313719878,,2025-07-22T08:33:04Z,2025-07-22,2460878.8563,0.5,,Vis.,AAX,2026-05-28T07:20:35Z
AAVSO,ALF ORI,1313302235,,2025-07-22T10:41:59Z,2025-07-22,2460878.94583,0.4,,Vis.,CKB,2026-05-28T07:20:35Z
AAVSO,alpha Ori,1313367697,,2025-07-24T19:11:59Z,2025-07-24,2460881.3,1.4,,Vis.,ERW,2026-05-28T07:20:35Z
AAVSO,ALF ORI,1313526678,,2025-07-26T10:34:59Z,2025-07-26,2460882.94097,0.5,,Vis.,MCOA,2026-05-28T07:20:35Z
AAVSO,ALF ORI,1313565255,,2025-07-28T10:38:00Z,2025-07-28,2460884.94306,0.4,,Vis.,CKB,2026-05-28T07:20:35Z
AAVSO,ALF ORI,1313719879,,2025-07-29T08:10:01Z,2025-07-29,2460885.8403,0.4,,Vis.,AAX,2026-05-28T07:20:35Z
AAVSO,ALF ORI,1313559909,,2025-07-29T10:32:59Z,2025-07-29,2460885.93958,0.5,,Vis.,MCOA,2026-05-28T07:20:35Z
AAVSO,alf Ori,1313936480,STD,2025-08-03T10:49:18Z,2025-08-03,2460890.950903,0.55,,Vis.,SASC,2026-05-28T07:20:35Z
AAVSO,ALF ORI,1314015582,,2025-08-04T10:25:59Z,2025-08-04,2460891.93472,0.5,,Vis.,MCOA,2026-05-28T07:20:35Z
AAVSO,Alf Ori,1314393439,,2025-08-05T03:42:02Z,2025-08-05,2460892.6542,0.5,,Vis.,LCR,2026-05-28T07:20:35Z
AAVSO,ALF ORI,1314171427,STD,2025-08-08T09:46:43Z,2025-08-08,2460895.90745,0.675,0.006,V,NOT,2026-05-28T07:20:35Z
AAVSO,ALF ORI,1314101551,,2025-08-08T11:06:59Z,2025-08-08,2460895.96319,0.4,,Vis.,CKB,2026-05-28T07:20:35Z
AAVSO,ALF ORI,1314677875,,2025-08-09T08:26:00Z,2025-08-09,2460896.8514,0.7,,Vis.,AAX,2026-05-28T07:20:35Z
AAVSO,Alf Ori,1314446906,,2025-08-10T03:44:03Z,2025-08-10,2460897.6556,0.5,,Vis.,LCR,2026-05-28T07:20:35Z
AAVSO,ALF ORI,1314171430,STD,2025-08-10T08:20:10Z,2025-08-10,2460897.84734,0.67,0.021,V,NOT,2026-05-28T07:20:35Z
AAVSO,ALF ORI,1314268802,STD,2025-08-11T07:59:34Z,2025-08-11,2460898.83304,0.679,0.011,V,NOT,2026-05-28T07:20:35Z
AAVSO,ALF ORI,1314677876,,2025-08-12T09:09:56Z,2025-08-12,2460899.8819,0.7,,Vis.,AAX,2026-05-28T07:20:35Z
AAVSO,ALF ORI,1314412241,STD,2025-08-13T02:30:54Z,2025-08-13,2460900.6048,0.699,0.014,V,VOL,2026-05-28T07:20:35Z
AAVSO,ALF ORI,1314412242,STD,2025-08-13T02:34:13Z,2025-08-13,2460900.6071,0.682,0.018,V,VOL,2026-05-28T07:20:35Z
AAVSO,ALF ORI,1314412243,STD,2025-08-13T02:38:32Z,2025-08-13,2460900.6101,0.666,0.016,V,VOL,2026-05-28T07:20:35Z
AAVSO,ALF ORI,1314412244,STD,2025-08-13T02:42:25Z,2025-08-13,2460900.6128,0.67,0.007,V,VOL,2026-05-28T07:20:35Z
AAVSO,ALF ORI,1314268805,STD,2025-08-13T08:18:20Z,2025-08-13,2460900.84607,0.675,0.009,V,NOT,2026-05-28T07:20:35Z
AAVSO,ALF ORI,1314677877,,2025-08-13T08:31:03Z,2025-08-13,2460900.8549,0.6,,Vis.,AAX,2026-05-28T07:20:35Z
AAVSO,Alf Ori,1314268803,,2025-08-13T08:44:59Z,2025-08-13,2460900.86458,0.7,,Vis.,JNCA,2026-05-28T07:20:35Z
AAVSO,ALF ORI,1314412245,STD,2025-08-14T02:45:18Z,2025-08-14,2460901.6148,0.679,0.01,V,VOL,2026-05-28T07:20:35Z
AAVSO,ALF ORI,1314412246,STD,2025-08-14T02:47:54Z,2025-08-14,2460901.6166,0.682,0.02,V,VOL,2026-05-28T07:20:35Z
AAVSO,ALF ORI,1314677878,,2025-08-14T08:33:56Z,2025-08-14,2460901.8569,0.7,,Vis.,AAX,2026-05-28T07:20:35Z
AAVSO,ALF ORI,1314338033,,2025-08-14T10:34:59Z,2025-08-14,2460901.94097,0.5,,Vis.,MCOA,2026-05-28T07:20:35Z
AAVSO,ALF ORI,1314338610,,2025-08-15T01:29:16Z,2025-08-15,2460902.562,0.5,,Vis.,MQA,2026-05-28T07:20:35Z
AAVSO,Alf Ori,1314502862,,2025-08-15T03:40:01Z,2025-08-15,2460902.6528,0.5,,Vis.,LCR,2026-05-28T07:20:35Z
AAVSO,ALF ORI,1314677879,,2025-08-15T08:51:04Z,2025-08-15,2460902.8688,0.6,,Vis.,AAX,2026-05-28T07:20:35Z
AAVSO,alf Ori,1314458046,,2025-08-16T00:00:00Z,2025-08-16,2460903.5,0.5,,Vis.,SYRA,2026-05-28T07:20:35Z
AAVSO,ALF ORI,1314359969,,2025-08-16T01:29:16Z,2025-08-16,2460903.562,0.5,,Vis.,MQA,2026-05-28T07:20:35Z
AAVSO,ALF ORI,1314374766,,2025-08-17T01:39:21Z,2025-08-17,2460904.569,0.5,,Vis.,MQA,2026-05-28T07:20:35Z
AAVSO,ALF ORI,1314677880,,2025-08-17T08:39:59Z,2025-08-17,2460904.8611,0.5,,Vis.,AAX,2026-05-28T07:20:35Z
AAVSO,ALF ORI,1314381001,,2025-08-18T01:09:07Z,2025-08-18,2460905.548,0.5,,Vis.,MQA,2026-05-28T07:20:35Z
AAVSO,ALF ORI,1314385619,,2025-08-18T10:41:00Z,2025-08-18,2460905.94514,0.4,,Vis.,CKB,2026-05-28T07:20:35Z
AAVSO,ALF ORI,1314396284,,2025-08-19T01:39:21Z,2025-08-19,2460906.569,0.5,,Vis.,MQA,2026-05-28T07:20:35Z
AAVSO,ALF ORI,1314412247,STD,2025-08-19T02:40:42Z,2025-08-19,2460906.6116,0.66,0.022,V,VOL,2026-05-28T07:20:35Z
AAVSO,ALF ORI,1314412248,STD,2025-08-19T02:43:26Z,2025-08-19,2460906.6135,0.643,0.013,V,VOL,2026-05-28T07:20:35Z
AAVSO,ALF ORI,1314392742,STD,2025-08-19T07:44:59Z,2025-08-19,2460906.82291,0.686,0.008,V,NOT,2026-05-28T07:20:35Z
AAVSO,ALF ORI,1314399862,,2025-08-19T10:41:59Z,2025-08-19,2460906.94583,0.7,,Vis.,MCOA,2026-05-28T07:20:35Z
AAVSO,ALF ORI,1314403759,,2025-08-20T01:09:07Z,2025-08-20,2460907.548,0.5,,Vis.,MQA,2026-05-28T07:20:35Z
AAVSO,ALF ORI,1314412249,STD,2025-08-20T02:00:40Z,2025-08-20,2460907.5838,0.616,0.02,V,VOL,2026-05-28T07:20:35Z
AAVSO,ALF ORI,1314412250,STD,2025-08-20T02:03:33Z,2025-08-20,2460907.5858,0.606,0.013,V,VOL,2026-05-28T07:20:35Z
AAVSO,Alf Ori,1314652436,,2025-08-21T03:31:58Z,2025-08-21,2460908.6472,0.5,,Vis.,LCR,2026-05-28T07:20:35Z
AAVSO,ALF ORI,1314677881,,2025-08-21T08:32:03Z,2025-08-21,2460908.8556,0.8,,Vis.,AAX,2026-05-28T07:20:35Z
AAVSO,alf Ori,1314428366,STD,2025-08-21T23:46:59Z,2025-08-21,2460909.49097222,0.7,,Vis.,PHAB,2026-05-28T07:20:35Z
AAVSO,ALF ORI,1314428756,,2025-08-22T00:28:48Z,2025-08-22,2460909.52,0.5,,Vis.,MQA,2026-05-28T07:20:35Z
AAVSO,ALF ORI,1314677882,,2025-08-22T08:12:02Z,2025-08-22,2460909.8417,0.8,,Vis.,AAX,2026-05-28T07:20:35Z
AAVSO,ALF ORI,1314442345,,2025-08-23T00:38:52Z,2025-08-23,2460910.527,0.5,,Vis.,MQA,2026-05-28T07:20:35Z
AAVSO,ALF ORI,1314464092,,2025-08-23T10:43:59Z,2025-08-23,2460910.94722,0.6,,Vis.,MCOA,2026-05-28T07:20:35Z
AAVSO,ALF ORI,1314485260,STD,2025-08-24T07:42:38Z,2025-08-24,2460911.82128,0.683,0.007,V,NOT,2026-05-28T07:20:35Z
AAVSO,Betelgeuse,1314509059,,2025-08-24T23:30:00Z,2025-08-24,2460912.47917,0.7,,Vis.,BCAD,2026-05-28T07:20:35Z
AAVSO,ALF ORI,1314492498,,2025-08-25T10:32:59Z,2025-08-25,2460912.93958,0.5,,Vis.,CKB,2026-05-28T07:20:35Z
AAVSO,alpha Ori,1314480434,,2025-08-25T18:28:48Z,2025-08-25,2460913.27,0.34,,Vis.,ERW,2026-05-28T07:20:35Z
AAVSO,ALF ORI,1314491076,,2025-08-26T01:09:07Z,2025-08-26,2460913.548,0.5,,Vis.,MQA,2026-05-28T07:20:35Z
AAVSO,Alf Ori,1314887930,,2025-08-26T03:26:03Z,2025-08-26,2460913.6431,0.5,,Vis.,LCR,2026-05-28T07:20:35Z
AAVSO,ALF ORI,1314485261,STD,2025-08-26T07:13:24Z,2025-08-26,2460913.80098,0.683,0.012,V,NOT,2026-05-28T07:20:35Z
AAVSO,Betelgeuse,1314509057,,2025-08-26T23:10:00Z,2025-08-26,2460914.46528,0.6,,Vis.,BCAD,2026-05-28T07:20:35Z
AAVSO,ALF ORI,1314504434,,2025-08-27T01:09:07Z,2025-08-27,2460914.548,0.5,,Vis.,MQA,2026-05-28T07:20:35Z
AAVSO,Betelgeuse,1314509058,,2025-08-27T23:35:00Z,2025-08-27,2460915.48264,0.6,,Vis.,BCAD,2026-05-28T07:20:35Z
AAVSO,ALF ORI,1314550042,,2025-08-28T01:09:07Z,2025-08-28,2460915.548,0.5,,Vis.,MQA,2026-05-28T07:20:35Z
AAVSO,Betelgeuse,1315307461,,2025-08-28T23:55:00Z,2025-08-28,2460916.49653,0.5,,Vis.,BCAD,2026-05-28T07:20:35Z
AAVSO,ALF ORI,1314562332,,2025-08-29T00:59:02Z,2025-08-29,2460916.541,0.5,,Vis.,MQA,2026-05-28T07:20:35Z
AAVSO,ALF ORI,1314590182,STD,2025-08-29T07:24:30Z,2025-08-29,2460916.80869,0.679,0.007,V,NOT,2026-05-28T07:20:35Z
AAVSO,alf Ori,1314559665,STD,2025-08-29T10:09:00Z,2025-08-29,2460916.922917,0.48,,Vis.,SASC,2026-05-28T07:20:35Z
AAVSO,ALF ORI,1314588083,,2025-08-30T01:09:07Z,2025-08-30,2460917.548,0.5,,Vis.,MQA,2026-05-28T07:20:35Z
AAVSO,ALF ORI,1315766452,STD,2025-08-30T02:43:35Z,2025-08-30,2460917.6136,0.693,0.013,V,VOL,2026-05-28T07:20:35Z
AAVSO,ALF ORI,1315766453,STD,2025-08-30T02:46:27Z,2025-08-30,2460917.6156,0.64,0.009,V,VOL,2026-05-28T07:20:35Z
AAVSO,ALF ORI,1315766454,STD,2025-08-30T02:52:22Z,2025-08-30,2460917.6197,0.641,0.009,V,VOL,2026-05-28T07:20:35Z
AAVSO,alf Ori,1314938801,STD,2025-08-30T09:35:59Z,2025-08-30,2460917.9,0.9,,Vis.,MOW,2026-05-28T07:20:35Z
AAVSO,ALF ORI,1314611665,,2025-08-31T01:09:07Z,2025-08-31,2460918.548,0.5,,Vis.,MQA,2026-05-28T07:20:35Z
AAVSO,Alf Ori,1315080433,,2025-08-31T03:29:57Z,2025-08-31,2460918.6458,0.5,,Vis.,LCR,2026-05-28T07:20:35Z
AAVSO,ALF ORI,1314651968,,2025-09-01T01:09:07Z,2025-09-01,2460919.548,0.5,,Vis.,MQA,2026-05-28T07:20:35Z
AAVSO,Betelgeuse,1314652093,,2025-09-01T01:59:59Z,2025-09-01,2460919.58333,0.4,,Vis.,MPIB,2026-05-28T07:20:35Z
AAVSO,ALF Ori,1316527836,,2025-09-01T02:24:00Z,2025-09-01,2460919.6,0.5,,Vis.,SPAO,2026-05-28T07:20:35Z
AAVSO,ALF ORI,1314724995,,2025-09-02T00:59:02Z,2025-09-02,2460920.541,0.5,,Vis.,MQA,2026-05-28T07:20:35Z
AAVSO,alf Ori,1317613763,,2025-09-02T01:30:00Z,2025-09-02,2460920.5625,0.58,,Vis.,SIVB,2026-05-28T07:20:35Z
AAVSO,alf Ori,1314684388,STD,2025-09-02T11:21:07Z,2025-09-02,2460920.973,0.48,,Vis.,SASC,2026-05-28T07:20:35Z
AAVSO,ALF ORI,1314750162,,2025-09-02T23:39:50Z,2025-09-02,2460921.486,0.5,,Vis.,MQA,2026-05-28T07:20:35Z
AAVSO,ALF ORI,1314835510,,2025-09-03T10:16:00Z,2025-09-03,2460921.92778,0.5,,Vis.,CKB,2026-05-28T07:20:35Z
AAVSO,ALF ORI,1314835569,,2025-09-04T00:00:00Z,2025-09-04,2460922.5,0.5,,Vis.,MQA,2026-05-28T07:20:35Z
AAVSO,ALF ORI,1315766455,STD,2025-09-04T02:20:32Z,2025-09-04,2460922.5976,0.638,0.011,V,VOL,2026-05-28T07:20:35Z
AAVSO,ALF ORI,1315766456,STD,2025-09-04T02:23:16Z,2025-09-04,2460922.5995,0.638,0.011,V,VOL,2026-05-28T07:20:35Z
AAVSO,ALF ORI,1315766457,STD,2025-09-04T02:53:13Z,2025-09-04,2460922.6203,0.634,0.017,V,VOL,2026-05-28T07:20:35Z
AAVSO,Alf Ori,1315439465,,2025-09-04T03:30:57Z,2025-09-04,2460922.6465,0.5,,Vis.,LCR,2026-05-28T07:20:35Z
AAVSO,ALF ORI,1315021938,STD,2025-09-04T07:06:04Z,2025-09-04,2460922.79588,0.66,0.009,V,NOT,2026-05-28T07:20:35Z
AAVSO,alf Ori,1314850632,STD,2025-09-04T21:00:00Z,2025-09-04,2460923.375,0.62,,Vis.,SASC,2026-05-28T07:20:35Z
AAVSO,ALF ORI,1314894975,,2025-09-05T00:08:38Z,2025-09-05,2460923.506,0.5,,Vis.,MQA,2026-05-28T07:20:35Z
AAVSO,ALF ORI,1314905959,,2025-09-05T23:19:40Z,2025-09-05,2460924.472,0.5,,Vis.,MQA,2026-05-28T07:20:35Z
AAVSO,alf Ori,1315404562,,2025-09-06T00:04:59Z,2025-09-06,2460924.50347,0.5,,Vis.,SYRA,2026-05-28T07:20:35Z
AAVSO,ALF Ori,1316527837,,2025-09-06T04:48:00Z,2025-09-06,2460924.7,0.4,,Vis.,SPAO,2026-05-28T07:20:35Z
AAVSO,ALF ORI,1314980057,,2025-09-07T00:28:48Z,2025-09-07,2460925.52,0.5,,Vis.,MQA,2026-05-28T07:20:35Z
AAVSO,ALF ORI,1316170121,,2025-09-07T18:18:00Z,2025-09-07,2460926.2625,0.7,,Vis.,SRX,2026-05-28T07:20:35Z
AAVSO,ALF ORI,1314980069,,2025-09-08T00:59:02Z,2025-09-08,2460926.541,0.5,,Vis.,MQA,2026-05-28T07:20:35Z
AAVSO,ALF ORI,1315766458,STD,2025-09-09T02:17:22Z,2025-09-09,2460927.5954,0.597,0.01,V,VOL,2026-05-28T07:20:35Z
AAVSO,ALF ORI,1315766459,STD,2025-09-09T02:41:51Z,2025-09-09,2460927.6124,0.62,0.007,V,VOL,2026-05-28T07:20:35Z
AAVSO,ALF ORI,1315766460,STD,2025-09-09T02:44:35Z,2025-09-09,2460927.6143,0.625,0.009,V,VOL,2026-05-28T07:20:35Z
AAVSO,ALF ORI,1315089007,,2025-09-09T10:36:59Z,2025-09-09,2460927.94236,0.5,,Vis.,MCOA,2026-05-28T07:20:35Z
AAVSO,ALF ORI,1315076398,,2025-09-09T11:14:00Z,2025-09-09,2460927.96806,0.5,,Vis.,CKB,2026-05-28T07:20:35Z
AAVSO,Alf Ori,1315536636,,2025-09-10T04:18:02Z,2025-09-10,2460928.6792,0.5,,Vis.,LCR,2026-05-28T07:20:35Z
AAVSO,alf Ori,1315078846,STD,2025-09-10T09:46:04Z,2025-09-10,2460928.906991,0.71,,Vis.,SASC,2026-05-28T07:20:35Z
AAVSO,ALF ORI,1315208288,,2025-09-10T23:39:50Z,2025-09-10,2460929.486,0.5,,Vis.,MQA,2026-05-28T07:20:35Z
AAVSO,ALF Ori,1316527838,,2025-09-11T02:24:00Z,2025-09-11,2460929.6,0.4,,Vis.,SPAO,2026-05-28T07:20:35Z
AAVSO,ALF ORI,1316121939,,2025-09-11T08:26:00Z,2025-09-11,2460929.8514,0.6,,Vis.,AAX,2026-05-28T07:20:35Z
AAVSO,ALF ORI,1315224916,,2025-09-12T00:59:02Z,2025-09-12,2460930.541,0.4,,Vis.,MQA,2026-05-28T07:20:35Z
AAVSO,ALF ORI,1318321092,,2025-09-12T02:52:48Z,2025-09-12,2460930.62,0.7,,Vis.,JLZ,2026-05-28T07:20:35Z
AAVSO,ALF ORI,1316121940,,2025-09-12T08:00:57Z,2025-09-12,2460930.834,0.6,,Vis.,AAX,2026-05-28T07:20:35Z
AAVSO,Betelgeuse,1315307462,,2025-09-12T23:50:00Z,2025-09-12,2460931.49306,0.49,,Vis.,BCAD,2026-05-28T07:20:35Z
AAVSO,alf Ori,1315404563,,2025-09-13T01:05:00Z,2025-09-13,2460931.54514,0.5,,Vis.,SYRA,2026-05-28T07:20:35Z
AAVSO,ALF ORI,1315330627,,2025-09-13T01:09:07Z,2025-09-13,2460931.548,0.5,,Vis.,MQA,2026-05-28T07:20:35Z
AAVSO,ALF ORI,1316121941,,2025-09-13T08:05:59Z,2025-09-13,2460931.8375,0.6,,Vis.,AAX,2026-05-28T07:20:35Z
AAVSO,ALF ORI,1315350225,,2025-09-13T10:59:59Z,2025-09-13,2460931.95833,0.5,,Vis.,MCOA,2026-05-28T07:20:35Z
AAVSO,Betelgeuse,1315562268,,2025-09-13T23:55:00Z,2025-09-13,2460932.49653,0.48,,Vis.,BCAD,2026-05-28T07:20:35Z
AAVSO,ALF ORI,1315366935,,2025-09-14T00:59:02Z,2025-09-14,2460932.541,0.5,,Vis.,MQA,2026-05-28T07:20:35Z
AAVSO,ALF ORI,1316121942,,2025-09-14T07:26:58Z,2025-09-14,2460932.8104,0.6,,Vis.,AAX,2026-05-28T07:20:35Z
AAVSO,ALF ORI,1316170122,,2025-09-14T17:21:59Z,2025-09-14,2460933.2236,0.6,,Vis.,SRX,2026-05-28T07:20:35Z
AAVSO,alf ori,1315476053,,2025-09-14T18:04:07Z,2025-09-14,2460933.25287,0.5,,Vis.,MFB,2026-05-28T07:20:35Z
AAVSO,ALF ORI,1315452509,,2025-09-15T01:09:07Z,2025-09-15,2460933.548,0.4,,Vis.,MQA,2026-05-28T07:20:35Z
AAVSO,Alf Ori,1315574350,,2025-09-15T03:51:59Z,2025-09-15,2460933.6611,0.5,,Vis.,LCR,2026-05-28T07:20:35Z
AAVSO,Alf Ori,1315469291,,2025-09-15T04:45:00Z,2025-09-15,2460933.69792,0.5,,Vis.,MLUC,2026-05-28T07:20:35Z
AAVSO,alf Ori,1316285910,STD,2025-09-16T09:35:59Z,2025-09-16,2460934.9,0.8,,Vis.,MOW,2026-05-28T07:20:35Z
AAVSO,ALF ORI,1315466148,,2025-09-16T10:20:59Z,2025-09-16,2460934.93125,0.5,,Vis.,CKB,2026-05-28T07:20:35Z
AAVSO,ALF ORI,1315473646,,2025-09-17T00:59:02Z,2025-09-17,2460935.541,0.5,,Vis.,MQA,2026-05-28T07:20:35Z
AAVSO,Alf Ori,1315469290,,2025-09-17T04:39:59Z,2025-09-17,2460935.69444,0.5,,Vis.,MLUC,2026-05-28T07:20:35Z
AAVSO,Betelgeuse,1315562267,,2025-09-17T23:10:00Z,2025-09-17,2460936.46528,0.46,,Vis.,BCAD,2026-05-28T07:20:35Z
AAVSO,Alf Ori,1315476061,,2025-09-18T04:41:00Z,2025-09-18,2460936.69514,0.5,,Vis.,MLUC,2026-05-28T07:20:35Z
AAVSO,ALF Ori,1316527839,,2025-09-18T04:48:00Z,2025-09-18,2460936.7,0.4,,Vis.,SPAO,2026-05-28T07:20:35Z
AAVSO,ALF ORI,1315607600,STD,2025-09-18T06:01:01Z,2025-09-18,2460936.75071,0.607,0.013,V,NOT,2026-05-28T07:20:35Z
AAVSO,ALF ORI,1316170123,,2025-09-18T17:02:58Z,2025-09-18,2460937.2104,0.6,,Vis.,SRX,2026-05-28T07:20:35Z
AAVSO,ALF ORI,1315766461,STD,2025-09-19T02:32:55Z,2025-09-19,2460937.6062,0.573,0.006,V,VOL,2026-05-28T07:20:35Z
AAVSO,ALF ORI,1315766462,STD,2025-09-19T02:37:06Z,2025-09-19,2460937.6091,0.577,0.006,V,VOL,2026-05-28T07:20:35Z
AAVSO,ALF ORI,1315766463,STD,2025-09-19T02:45:01Z,2025-09-19,2460937.6146,0.583,0.004,V,VOL,2026-05-28T07:20:35Z
AAVSO,ALF ORI,1316120631,,2025-09-19T02:52:48Z,2025-09-19,2460937.62,0.3,,Vis.,KSZ,2026-05-28T07:20:35Z
AAVSO,ALF ORI,1316165794,,2025-09-19T02:58:59Z,2025-09-19,2460937.6243,0.5,,Vis.,VFK,2026-05-28T07:20:35Z
AAVSO,ALF ORI,1317042253,,2025-09-19T03:21:36Z,2025-09-19,2460937.64,0.4,,Vis.,SBEA,2026-05-28T07:20:35Z
AAVSO,Alf Ori,1315603513,,2025-09-19T04:39:59Z,2025-09-19,2460937.69444,0.5,,Vis.,MLUC,2026-05-28T07:20:35Z
AAVSO,Betelgeuse,1315599248,,2025-09-20T00:49:59Z,2025-09-20,2460938.53472,0.3,,Vis.,MPIB,2026-05-28T07:20:35Z
AAVSO,ALF ORI,1315577238,,2025-09-20T01:09:07Z,2025-09-20,2460938.548,0.4,,Vis.,MQA,2026-05-28T07:20:35Z
AAVSO,Alf Ori,1316208520,,2025-09-20T03:21:01Z,2025-09-20,2460938.6396,0.5,,Vis.,LCR,2026-05-28T07:20:35Z
AAVSO,Alf Ori,1315603514,,2025-09-20T04:30:00Z,2025-09-20,2460938.6875,0.5,,Vis.,MLUC,2026-05-28T07:20:35Z
AAVSO,ALF ORI,1316222714,STD,2025-09-20T05:48:52Z,2025-09-20,2460938.74227,0.588,0.016,V,NOT,2026-05-28T07:20:35Z
AAVSO,ALF ORI,1315583885,,2025-09-20T08:51:59Z,2025-09-20,2460938.86944,0.5,,Vis.,CKB,2026-05-28T07:20:35Z
AAVSO,ALF ORI,1315595790,,2025-09-20T23:09:35Z,2025-09-20,2460939.465,0.4,,Vis.,MQA,2026-05-28T07:20:35Z
AAVSO,ALF ORI,1318321093,,2025-09-21T00:28:48Z,2025-09-21,2460939.52,0.7,,Vis.,JLZ,2026-05-28T07:20:35Z
AAVSO,ALF ORI,1315766464,STD,2025-09-21T02:56:06Z,2025-09-21,2460939.6223,0.568,0.007,V,VOL,2026-05-28T07:20:35Z
AAVSO,ALF ORI,1315766465,STD,2025-09-21T02:59:25Z,2025-09-21,2460939.6246,0.566,0.005,V,VOL,2026-05-28T07:20:35Z
AAVSO,ALF ORI,1315610288,,2025-09-22T00:00:00Z,2025-09-22,2460940.5,0.5,,Vis.,MQA,2026-05-28T07:20:35Z
AAVSO,ALF ORI,1315627148,,2025-09-22T23:49:55Z,2025-09-22,2460941.493,0.5,,Vis.,MQA,2026-05-28T07:20:35Z
AAVSO,ALF ORI,1316121943,,2025-09-23T07:32:00Z,2025-09-23,2460941.8139,0.5,,Vis.,AAX,2026-05-28T07:20:35Z
AAVSO,ALF ORI,1315668118,,2025-09-24T00:00:00Z,2025-09-24,2460942.5,0.5,,Vis.,MQA,2026-05-28T07:20:35Z
AAVSO,alf Ori,1317613764,,2025-09-24T02:08:00Z,2025-09-24,2460942.58889,0.63,,Vis.,SIVB,2026-05-28T07:20:35Z
AAVSO,alp ori,1315691420,,2025-09-24T03:00:00Z,2025-09-24,2460942.625,0.55,,Vis.,MOSB,2026-05-28T07:20:35Z
AAVSO,ALF ORI,1316121944,,2025-09-24T07:57:04Z,2025-09-24,2460942.8313,0.5,,Vis.,AAX,2026-05-28T07:20:35Z
AAVSO,alf Ori,1315682828,STD,2025-09-24T19:15:36Z,2025-09-24,2460943.3025,0.68,,Vis.,SASC,2026-05-28T07:20:35Z
AAVSO,Betelgeuse,1316102459,,2025-09-24T22:34:59Z,2025-09-24,2460943.44097,0.5,,Vis.,BCAD,2026-05-28T07:20:35Z
AAVSO,ALF ORI,1315761305,,2025-09-25T00:00:00Z,2025-09-25,2460943.5,0.5,,Vis.,MQA,2026-05-28T07:20:35Z
AAVSO,Betelgeuse,1315773681,,2025-09-25T01:39:59Z,2025-09-25,2460943.56944,0.4,,Vis.,MPIB,2026-05-28T07:20:35Z
AAVSO,alf ori,1315678919,,2025-09-25T04:00:59Z,2025-09-25,2460943.66736,0.4,,Vis.,MFB,2026-05-28T07:20:35Z
AAVSO,alf Ori,1315707090,STD,2025-09-25T09:27:59Z,2025-09-25,2460943.894444,1.0,,Vis.,WCHQ,2026-05-28T07:20:35Z
AAVSO,ALF ORI,1315773620,,2025-09-25T23:19:40Z,2025-09-25,2460944.472,0.4,,Vis.,MQA,2026-05-28T07:20:35Z
AAVSO,Alf Ori,1315764638,,2025-09-26T04:30:00Z,2025-09-26,2460944.6875,0.5,,Vis.,MLUC,2026-05-28T07:20:35Z
AAVSO,ALF ORI,1316170124,,2025-09-26T17:40:59Z,2025-09-26,2460945.2368,0.6,,Vis.,SRX,2026-05-28T07:20:35Z
AAVSO,ALF ORI,1315922834,,2025-09-26T23:09:35Z,2025-09-26,2460945.465,0.4,,Vis.,MQA,2026-05-28T07:20:35Z
AAVSO,Betelgeuse,1315994220,,2025-09-27T01:00:00Z,2025-09-27,2460945.54167,0.4,,Vis.,MPIB,2026-05-28T07:20:35Z
AAVSO,ALF ORI,1316000345,,2025-09-27T10:50:59Z,2025-09-27,2460945.95208,0.3,,Vis.,CKB,2026-05-28T07:20:35Z
AAVSO,ALF ORI,1316003447,,2025-09-27T22:59:31Z,2025-09-27,2460946.458,0.4,,Vis.,MQA,2026-05-28T07:20:35Z
AAVSO,ALF Ori,1316527840,,2025-09-28T04:48:00Z,2025-09-28,2460946.7,0.4,,Vis.,SPAO,2026-05-28T07:20:35Z
AAVSO,alf Ori,1316285911,STD,2025-09-28T09:35:59Z,2025-09-28,2460946.9,0.8,,Vis.,MOW,2026-05-28T07:20:35Z
AAVSO,Alf Ori,1316088484,,2025-09-28T16:46:59Z,2025-09-28,2460947.1993,0.55,,Vis.,SRX,2026-05-28T07:20:35Z
AAVSO,ALF ORI,1316090774,,2025-09-28T23:39:50Z,2025-09-28,2460947.486,0.5,,Vis.,MQA,2026-05-28T07:20:35Z
AAVSO,ALF ORI,1321801767,STD,2025-09-29T03:20:52Z,2025-09-29,2460947.6395,0.556,0.004,V,VOL,2026-05-28T07:20:35Z
AAVSO,ALF ORI,1321801768,STD,2025-09-29T03:23:28Z,2025-09-29,2460947.6413,0.551,0.003,V,VOL,2026-05-28T07:20:35Z
AAVSO,alf ori,1316048533,,2025-09-29T04:02:00Z,2025-09-29,2460947.66806,0.4,,Vis.,MFB,2026-05-28T07:20:35Z
AAVSO,Betelgeuse,1316102460,,2025-09-30T00:29:59Z,2025-09-30,2460948.52083,0.46,,Vis.,BCAD,2026-05-28T07:20:35Z
AAVSO,alf Ori,1317613765,,2025-10-01T01:14:00Z,2025-10-01,2460949.55139,0.67,,Vis.,SIVB,2026-05-28T07:20:35Z
AAVSO,Alf Ori,1316155048,,2025-10-01T02:41:00Z,2025-10-01,2460949.61181,0.5,,Vis.,MLUC,2026-05-28T07:20:35Z
AAVSO,ALF ORI,1318010248,,2025-10-01T03:08:03Z,2025-10-01,2460949.6306,0.5,,Vis.,VFK,2026-05-28T07:20:35Z
AAVSO,Alf Ori,1316468379,,2025-10-01T03:54:00Z,2025-10-01,2460949.6625,0.5,,Vis.,LCR,2026-05-28T07:20:35Z
AAVSO,ALF ORI,1321801769,STD,2025-10-02T02:33:04Z,2025-10-02,2460950.6063,0.539,0.003,V,VOL,2026-05-28T07:20:35Z
AAVSO,Alf Ori,1316155049,,2025-10-02T02:44:00Z,2025-10-02,2460950.61389,0.5,,Vis.,MLUC,2026-05-28T07:20:35Z
AAVSO,ALF ORI,1318010270,,2025-10-02T02:52:56Z,2025-10-02,2460950.6201,0.4,,Vis.,VFK,2026-05-28T07:20:35Z
AAVSO,Betelgeuse,1316165391,,2025-10-02T03:00:00Z,2025-10-02,2460950.625,0.55,,Vis.,MPIB,2026-05-28T07:20:35Z
AAVSO,ALF ORI,1321801770,STD,2025-10-02T03:08:21Z,2025-10-02,2460950.6308,0.545,0.006,V,VOL,2026-05-28T07:20:35Z
AAVSO,alf ori,1316154867,,2025-10-02T04:07:59Z,2025-10-02,2460950.67222,0.4,,Vis.,MFB,2026-05-28T07:20:35Z
AAVSO,ALF ORI,1318660084,,2025-10-02T04:10:33Z,2025-10-02,2460950.674,0.3,,Vis.,BHA,2026-05-28T07:20:35Z
AAVSO,ALF ORI,1316222712,STD,2025-10-02T05:24:39Z,2025-10-02,2460950.72546,0.555,0.008,V,NOT,2026-05-28T07:20:35Z
AAVSO,Betelgeuse,1316217413,,2025-10-02T22:45:00Z,2025-10-02,2460951.44792,0.49,,Vis.,BCAD,2026-05-28T07:20:35Z
AAVSO,ALF ORI,1316184464,,2025-10-03T00:18:43Z,2025-10-03,2460951.513,0.5,,Vis.,MQA,2026-05-28T07:20:35Z
AAVSO,Betelgeuse,1316212534,,2025-10-03T01:20:00Z,2025-10-03,2460951.55556,0.6,,Vis.,MPIB,2026-05-28T07:20:35Z
AAVSO,alp ori,1316168695,,2025-10-03T01:50:00Z,2025-10-03,2460951.57639,0.55,,Vis.,MOSB,2026-05-28T07:20:35Z
AAVSO,ALF ORI,1318010327,,2025-10-03T03:03:01Z,2025-10-03,2460951.6271,0.4,,Vis.,VFK,2026-05-28T07:20:35Z
AAVSO,ALF ORI,1318660085,,2025-10-03T04:10:33Z,2025-10-03,2460951.674,0.3,,Vis.,BHA,2026-05-28T07:20:35Z
AAVSO,ALF Ori,1318441264,,2025-10-03T04:48:00Z,2025-10-03,2460951.7,0.5,,Vis.,SPAO,2026-05-28T07:20:35Z
AAVSO,ALF ORI,1316230899,,2025-10-03T23:49:55Z,2025-10-03,2460952.493,0.4,,Vis.,MQA,2026-05-28T07:20:35Z
AAVSO,Betelgeuse,1316217414,,2025-10-03T23:55:00Z,2025-10-03,2460952.49653,0.49,,Vis.,BCAD,2026-05-28T07:20:35Z
AAVSO,ALF ORI,1318321182,,2025-10-04T03:21:36Z,2025-10-04,2460952.64,0.7,,Vis.,JLZ,2026-05-28T07:20:35Z
AAVSO,ALF ORI,1316261540,,2025-10-04T10:43:00Z,2025-10-04,2460952.94653,0.5,,Vis.,CKB,2026-05-28T07:20:35Z
AAVSO,Betelgeuse,1316405747,,2025-10-04T20:50:00Z,2025-10-04,2460953.36806,0.45,,Vis.,BCAD,2026-05-28T07:20:35Z
AAVSO,ALF ORI,1316273945,,2025-10-06T00:38:52Z,2025-10-06,2460954.527,0.4,,Vis.,MQA,2026-05-28T07:20:35Z
AAVSO,Alf Ori,1316506661,,2025-10-06T03:55:00Z,2025-10-06,2460954.6632,0.5,,Vis.,LCR,2026-05-28T07:20:35Z
AAVSO,ALF ORI,1316367203,,2025-10-06T11:17:00Z,2025-10-06,2460954.97014,0.4,,Vis.,MCOA,2026-05-28T07:20:35Z
AAVSO,Betelgeuse,1316405749,,2025-10-06T20:50:00Z,2025-10-06,2460955.36806,0.45,,Vis.,BCAD,2026-05-28T07:20:35Z
AAVSO,Betelgeuse,1316405751,,2025-10-07T00:29:59Z,2025-10-07,2460955.52083,0.5,,Vis.,BCAD,2026-05-28T07:20:35Z
AAVSO,ALF ORI,1316314887,,2025-10-07T03:00:00Z,2025-10-07,2460955.625,0.4,,Vis.,MQA,2026-05-28T07:20:35Z
AAVSO,Betelgeuse,1316405752,,2025-10-08T01:00:00Z,2025-10-08,2460956.54167,0.5,,Vis.,BCAD,2026-05-28T07:20:35Z
AAVSO,alp ori,1316367178,,2025-10-08T02:10:00Z,2025-10-08,2460956.59028,0.5,,Vis.,MOSB,2026-05-28T07:20:35Z
AAVSO,alf ori,1316367746,,2025-10-08T04:09:59Z,2025-10-08,2460956.67361,0.4,,Vis.,MFB,2026-05-28T07:20:35Z
AAVSO,ALF Ori,1318441265,,2025-10-08T04:48:00Z,2025-10-08,2460956.7,0.3,,Vis.,SPAO,2026-05-28T07:20:35Z
AAVSO,alf Ori,1318422149,STD,2025-10-08T09:35:59Z,2025-10-08,2460956.9,0.8,,Vis.,MOW,2026-05-28T07:20:35Z
AAVSO,Betelgeuse,1316405754,,2025-10-08T23:55:00Z,2025-10-08,2460957.49653,0.51,,Vis.,BCAD,2026-05-28T07:20:35Z
AAVSO,alp ori,1316404909,,2025-10-09T02:10:00Z,2025-10-09,2460957.59028,0.4,,Vis.,MOSB,2026-05-28T07:20:35Z
AAVSO,Betelgeuse,1316535113,,2025-10-10T01:00:00Z,2025-10-10,2460958.54167,0.44,,Vis.,BCAD,2026-05-28T07:20:35Z
AAVSO,Betelgeuse,1316870961,,2025-10-10T20:10:00Z,2025-10-10,2460959.34028,0.4,,Vis.,BCAD,2026-05-28T07:20:35Z
AAVSO,ALF ORI,1316510562,,2025-10-11T11:03:59Z,2025-10-11,2460959.96111,0.5,,Vis.,CKB,2026-05-28T07:20:35Z
AAVSO,ALF ORI,1316535117,,2025-10-11T22:29:16Z,2025-10-11,2460960.437,0.4,,Vis.,MQA,2026-05-28T07:20:35Z
AAVSO,ALF ORI,1316596895,,2025-10-12T21:38:52Z,2025-10-12,2460961.402,0.4,,Vis.,MQA,2026-05-28T07:20:35Z
AAVSO,alp ori,1316558605,,2025-10-13T01:14:59Z,2025-10-13,2460961.55208,0.4,,Vis.,MOSB,2026-05-28T07:20:35Z
AAVSO,Betelgeuse,1316720090,,2025-10-13T01:59:59Z,2025-10-13,2460961.58333,0.4,,Vis.,MPIB,2026-05-28T07:20:35Z
AAVSO,alf Ori,1324525374,STD,2025-10-13T10:48:00Z,2025-10-13,2460961.95,0.5,,Vis.,SNE,2026-05-28T07:20:35Z
AAVSO,ALF ORI,1316844332,,2025-10-13T22:39:21Z,2025-10-13,2460962.444,0.4,,Vis.,MQA,2026-05-28T07:20:35Z
AAVSO,ALF ORI,1318010487,,2025-10-14T01:33:01Z,2025-10-14,2460962.5646,0.6,,Vis.,VFK,2026-05-28T07:20:35Z
AAVSO,ALF ORI,1318660086,,2025-10-14T04:14:52Z,2025-10-14,2460962.677,0.4,,Vis.,BHA,2026-05-28T07:20:35Z
AAVSO,ALF ORI,1318359842,,2025-10-14T15:08:03Z,2025-10-14,2460963.1306,0.5,,Vis.,SRX,2026-05-28T07:20:35Z
AAVSO,Betelgeuse,1316870962,,2025-10-14T20:10:00Z,2025-10-14,2460963.34028,0.38,,Vis.,BCAD,2026-05-28T07:20:35Z
AAVSO,Betelgeuse,1316870963,,2025-10-15T00:29:59Z,2025-10-15,2460963.52083,0.4,,Vis.,BCAD,2026-05-28T07:20:35Z
AAVSO,ALF ORI,1316862491,,2025-10-15T02:09:35Z,2025-10-15,2460963.59,0.4,,Vis.,MQA,2026-05-28T07:20:35Z
AAVSO,Betelgeuse,1316864960,,2025-10-15T06:33:00Z,2025-10-15,2460963.77292,0.6,,Vis.,JNCA,2026-05-28T07:20:35Z
AAVSO,ALF ORI,1316876354,,2025-10-15T10:52:00Z,2025-10-15,2460963.95278,0.4,,Vis.,CKB,2026-05-28T07:20:35Z
AAVSO,Alf Ori,1317382713,,2025-10-15T23:53:57Z,2025-10-15,2460964.4958,0.5,,Vis.,LCR,2026-05-28T07:20:35Z
AAVSO,ALF ORI,1316873071,,2025-10-16T01:29:16Z,2025-10-16,2460964.562,0.4,,Vis.,MQA,2026-05-28T07:20:35Z
AAVSO,Betelgeuse,1316877709,,2025-10-16T23:10:00Z,2025-10-16,2460965.46528,0.42,,Vis.,BCAD,2026-05-28T07:20:35Z
AAVSO,alp ori,1316877396,,2025-10-17T02:39:59Z,2025-10-17,2460965.61111,0.4,,Vis.,MOSB,2026-05-28T07:20:35Z
AAVSO,alf ori,1316877711,,2025-10-17T04:50:00Z,2025-10-17,2460965.70139,0.4,,Vis.,MFB,2026-05-28T07:20:35Z
AAVSO,ALF ORI,1318359843,,2025-10-17T15:44:03Z,2025-10-17,2460966.1556,0.5,,Vis.,SRX,2026-05-28T07:20:35Z
AAVSO,ALF ORI,1316908108,,2025-10-17T21:59:02Z,2025-10-17,2460966.416,0.4,,Vis.,MQA,2026-05-28T07:20:35Z
AAVSO,alf Ori,1316930508,STD,2025-10-18T11:51:30Z,2025-10-18,2460966.9941,0.526,0.005,V,CTOA,2026-05-28T07:20:35Z
AAVSO,Betelgeuse,1316968521,,2025-10-18T19:50:00Z,2025-10-18,2460967.32639,0.36,,Vis.,BCAD,2026-05-28T07:20:35Z
AAVSO,ALF ORI,1316919639,,2025-10-18T21:59:02Z,2025-10-18,2460967.416,0.4,,Vis.,MQA,2026-05-28T07:20:35Z
AAVSO,ALF ORI,1321801771,STD,2025-10-19T02:23:08Z,2025-10-19,2460967.5994,0.535,0.004,V,VOL,2026-05-28T07:20:35Z
AAVSO,ALF ORI,1321801772,STD,2025-10-19T02:25:43Z,2025-10-19,2460967.6012,0.532,0.005,V,VOL,2026-05-28T07:20:35Z
AAVSO,ALF ORI,1318321183,,2025-10-19T03:07:11Z,2025-10-19,2460967.63,0.7,,Vis.,JLZ,2026-05-28T07:20:35Z
AAVSO,ALF ORI,1318010541,,2025-10-20T01:59:57Z,2025-10-20,2460968.5833,0.4,,Vis.,VFK,2026-05-28T07:20:35Z
AAVSO,Betelgeuse,1316939072,,2025-10-20T02:19:59Z,2025-10-20,2460968.59722,0.4,,Vis.,MPIB,2026-05-28T07:20:35Z
AAVSO,ALF ORI,1317109237,,2025-10-20T10:05:59Z,2025-10-20,2460968.92083,0.5,,Vis.,CKB,2026-05-28T07:20:35Z
AAVSO,Betelgeuse,1316968523,,2025-10-20T21:29:59Z,2025-10-20,2460969.39583,0.39,,Vis.,BCAD,2026-05-28T07:20:35Z
AAVSO,ALF ORI,1316961192,,2025-10-20T21:48:57Z,2025-10-20,2460969.409,0.4,,Vis.,MQA,2026-05-28T07:20:35Z
AAVSO,Betelgeuse,1316996690,,2025-10-21T01:14:59Z,2025-10-21,2460969.55208,0.4,,Vis.,MPIB,2026-05-28T07:20:35Z
AAVSO,Alf Ori,1318266073,,2025-10-21T02:00:57Z,2025-10-21,2460969.584,0.5,,Vis.,LCR,2026-05-28T07:20:35Z
AAVSO,alf Ori,1316962395,,2025-10-21T03:00:59Z,2025-10-21,2460969.62569,0.9,,Vis.,SIVB,2026-05-28T07:20:35Z
AAVSO,ALF ORI,1318660087,,2025-10-21T04:30:43Z,2025-10-21,2460969.688,0.3,,Vis.,BHA,2026-05-28T07:20:35Z
AAVSO,alf Ori,1317008346,STD,2025-10-21T19:35:15Z,2025-10-21,2460970.316157,0.72,,Vis.,SASC,2026-05-28T07:20:35Z
AAVSO,Betelgeuse,1317007878,,2025-10-21T19:45:00Z,2025-10-21,2460970.32292,0.36,,Vis.,BCAD,2026-05-28T07:20:35Z
AAVSO,alf Ori,1317755946,STD,2025-10-22T01:45:00Z,2025-10-22,2460970.572917,0.5,,Vis.,SGQ,2026-05-28T07:20:35Z
AAVSO,alf Ori,1317613766,,2025-10-22T01:59:59Z,2025-10-22,2460970.58333,0.55,,Vis.,SIVB,2026-05-28T07:20:35Z
AAVSO,Betelgeuse,1317110170,,2025-10-22T02:44:59Z,2025-10-22,2460970.61458,0.4,,Vis.,MPIB,2026-05-28T07:20:35Z
AAVSO,alf Ori,1317755947,STD,2025-10-23T01:39:59Z,2025-10-23,2460971.569444,0.5,,Vis.,SGQ,2026-05-28T07:20:35Z
AAVSO,ALF ORI,1317320220,,2025-10-23T01:59:31Z,2025-10-23,2460971.583,0.5,,Vis.,MQA,2026-05-28T07:20:35Z
AAVSO,ALF ORI,1317600710,,2025-10-23T23:19:40Z,2025-10-23,2460972.472,0.4,,Vis.,MQA,2026-05-28T07:20:35Z
AAVSO,alf Ori,1317755948,STD,2025-10-24T01:30:00Z,2025-10-24,2460972.5625,0.5,,Vis.,SGQ,2026-05-28T07:20:35Z
AAVSO,ALF ORI,1322528149,,2025-10-24T07:36:59Z,2025-10-24,2460972.81736,0.6,,Vis.,BBA,2026-05-28T07:20:35Z
AAVSO,Betelgeuse,1317835933,,2025-10-24T21:00:00Z,2025-10-24,2460973.375,0.41,,Vis.,BCAD,2026-05-28T07:20:35Z
AAVSO,alf Ori,1317755949,STD,2025-10-25T01:30:00Z,2025-10-25,2460973.5625,0.5,,Vis.,SGQ,2026-05-28T07:20:35Z
AAVSO,ALF ORI,1318660088,,2025-10-25T01:39:21Z,2025-10-25,2460973.569,0.3,,Vis.,BHA,2026-05-28T07:20:35Z
AAVSO,alp ori,1317609421,,2025-10-25T01:59:59Z,2025-10-25,2460973.58333,0.5,,Vis.,MOSB,2026-05-28T07:20:35Z
AAVSO,Betelgeuse,1317610931,,2025-10-25T03:09:59Z,2025-10-25,2460973.63194,0.45,,Vis.,MPIB,2026-05-28T07:20:35Z
AAVSO,Betelgeuse,1317835934,,2025-10-25T22:50:00Z,2025-10-25,2460974.45139,0.44,,Vis.,BCAD,2026-05-28T07:20:35Z
AAVSO,ALF ORI,1317757735,,2025-10-26T00:28:48Z,2025-10-26,2460974.52,0.5,,Vis.,MQA,2026-05-28T07:20:35Z
AAVSO,alf Ori,1317755950,STD,2025-10-26T01:34:59Z,2025-10-26,2460974.565972,0.5,,Vis.,SGQ,2026-05-28T07:20:35Z
AAVSO,ALF ORI,1321801773,STD,2025-10-26T02:09:27Z,2025-10-26,2460974.5899,0.504,0.004,V,VOL,2026-05-28T07:20:35Z
AAVSO,ALF ORI,1321801774,STD,2025-10-26T02:12:20Z,2025-10-26,2460974.5919,0.505,0.007,V,VOL,2026-05-28T07:20:35Z
AAVSO,Betelgeuse,1317760257,,2025-10-26T06:09:59Z,2025-10-26,2460974.75694,0.4,,Vis.,JNCA,2026-05-28T07:20:35Z
AAVSO,ALF ORI,1317755999,,2025-10-26T07:17:02Z,2025-10-26,2460974.8035,0.5,,Vis.,CFL,2026-05-28T07:20:35Z
AAVSO,Betelgeuse,1317835935,,2025-10-26T19:39:59Z,2025-10-26,2460975.31944,0.38,,Vis.,BCAD,2026-05-28T07:20:35Z
AAVSO,alf Ori,1317828317,,2025-10-26T21:29:59Z,2025-10-26,2460975.39583,0.5,,Vis.,SGQ,2026-05-28T07:20:35Z
AAVSO,ALF ORI,1317804337,,2025-10-26T22:19:12Z,2025-10-26,2460975.43,0.5,,Vis.,MQA,2026-05-28T07:20:35Z
AAVSO,Alf Ori,1318626288,,2025-10-27T00:08:03Z,2025-10-27,2460975.5056,0.5,,Vis.,LCR,2026-05-28T07:20:35Z
AAVSO,alp ori,1317806807,,2025-10-27T01:45:00Z,2025-10-27,2460975.57292,0.5,,Vis.,MOSB,2026-05-28T07:20:35Z
AAVSO,alf Ori,1318422150,STD,2025-10-27T12:00:00Z,2025-10-27,2460976.0,0.8,,Vis.,MOW,2026-05-28T07:20:35Z
AAVSO,ALF ORI,1318359844,,2025-10-27T15:27:04Z,2025-10-27,2460976.1438,0.5,,Vis.,SRX,2026-05-28T07:20:35Z
AAVSO,Betelgeuse,1317835936,,2025-10-27T19:34:59Z,2025-10-27,2460976.31597,0.36,,Vis.,BCAD,2026-05-28T07:20:35Z
AAVSO,alf Ori,1317828318,,2025-10-27T21:31:00Z,2025-10-27,2460976.39653,0.5,,Vis.,SGQ,2026-05-28T07:20:35Z
AAVSO,alf Ori,1317895350,,2025-10-27T23:44:59Z,2025-10-27,2460976.48958,0.5,,Vis.,SGQ,2026-05-28T07:20:35Z
AAVSO,Alf Ori,1318530282,,2025-10-28T00:51:59Z,2025-10-28,2460976.53611,0.6,,Vis.,PBYA,2026-05-28T07:20:35Z
AAVSO,alf ori,1317835882,,2025-10-28T04:50:00Z,2025-10-28,2460976.70139,0.5,,Vis.,MFB,2026-05-28T07:20:35Z
AAVSO,ALF ORI,1317888039,,2025-10-28T10:27:00Z,2025-10-28,2460976.93542,0.6,,Vis.,CKB,2026-05-28T07:20:35Z
AAVSO,alf Ori,1317895509,STD,2025-10-28T11:40:07Z,2025-10-28,2460976.9862,0.68,,Vis.,SASC,2026-05-28T07:20:35Z
AAVSO,ALF ORI,1318359845,,2025-10-28T16:34:01Z,2025-10-28,2460977.1903,0.5,,Vis.,SRX,2026-05-28T07:20:35Z
AAVSO,Betelgeuse,1323296835,,2025-10-28T19:45:00Z,2025-10-28,2460977.32292,0.4,,Vis.,BCAD,2026-05-28T07:20:35Z
AAVSO,alf Ori,1317895349,,2025-10-28T22:45:00Z,2025-10-28,2460977.44792,0.5,,Vis.,SGQ,2026-05-28T07:20:35Z
AAVSO,ALF ORI,1317927318,,2025-10-28T23:49:55Z,2025-10-28,2460977.493,0.4,,Vis.,MQA,2026-05-28T07:20:35Z
AAVSO,alf Ori,1321808653,STD,2025-10-29T00:20:00Z,2025-10-29,2460977.51389,0.5,,Vis.,UAN,2026-05-28T07:20:35Z
AAVSO,ALF ORI,1318010583,,2025-10-29T04:03:56Z,2025-10-29,2460977.6694,0.4,,Vis.,VFK,2026-05-28T07:20:35Z
AAVSO,Betelgeuse,1323296836,,2025-10-29T19:00:00Z,2025-10-29,2460978.29167,0.36,,Vis.,BCAD,2026-05-28T07:20:35Z
AAVSO,ALF ORI,1317927369,,2025-10-29T23:39:50Z,2025-10-29,2460978.486,0.4,,Vis.,MQA,2026-05-28T07:20:35Z
AAVSO,Alf Ori,1318530587,,2025-10-30T00:45:00Z,2025-10-30,2460978.53125,0.7,,Vis.,PBYA,2026-05-28T07:20:35Z
AAVSO,alf Ori,1318531561,,2025-10-30T04:34:59Z,2025-10-30,2460978.69097,0.65,,Vis.,SIVB,2026-05-28T07:20:35Z
AAVSO,ALF ORI,1317992131,,2025-10-30T20:49:55Z,2025-10-30,2460979.368,0.4,,Vis.,MQA,2026-05-28T07:20:35Z
AAVSO,Betelgeuse,1317953374,,2025-10-31T02:19:59Z,2025-10-31,2460979.59722,0.5,,Vis.,MPIB,2026-05-28T07:20:35Z
AAVSO,ALF ORI,1317992139,,2025-10-31T20:49:55Z,2025-10-31,2460980.368,0.4,,Vis.,MQA,2026-05-28T07:20:35Z
AAVSO,ALF ORI,1319535094,,2025-11-01T01:42:57Z,2025-11-01,2460980.5715,0.5,,Vis.,VFK,2026-05-28T07:20:35Z
AAVSO,ALF ORI,1319468860,,2025-11-01T14:39:59Z,2025-11-01,2460981.1111,0.5,,Vis.,SRX,2026-05-28T07:20:35Z
AAVSO,Alf Ori,1318013160,,2025-11-01T22:25:00Z,2025-11-01,2460981.43403,0.35,,Vis.,MPTA,2026-05-28T07:20:35Z
AAVSO,000-BBK-383,1318006545,,2025-11-02T04:39:00Z,2025-11-02,2460981.69375,0.5,,Vis.,WALG,2026-05-28T07:20:35Z
AAVSO,alf Ori,1318242458,,2025-11-02T22:20:00Z,2025-11-02,2460982.43056,0.5,,Vis.,SGQ,2026-05-28T07:20:35Z
AAVSO,Alf Ori,1318678073,,2025-11-03T00:16:59Z,2025-11-03,2460982.5118,0.5,,Vis.,LCR,2026-05-28T07:20:35Z
AAVSO,ALF ORI,1318192026,,2025-11-03T03:00:00Z,2025-11-03,2460982.625,0.5,,Vis.,MQA,2026-05-28T07:20:35Z
AAVSO,000-BBK-383,1318066015,,2025-11-03T06:14:58Z,2025-11-03,2460982.7604,0.5,,Vis.,WALG,2026-05-28T07:20:35Z
AAVSO,alf Ori,1318134554,STD,2025-11-03T09:46:16Z,2025-11-03,2460982.90713,0.63,,Vis.,SASC,2026-05-28T07:20:35Z
AAVSO,ALF ORI,1319583178,,2025-11-03T15:50:24Z,2025-11-03,2460983.16,0.6,,Vis.,ONOB,2026-05-28T07:20:35Z
AAVSO,alf Ori,1318242459,,2025-11-03T22:30:00Z,2025-11-03,2460983.4375,0.5,,Vis.,SGQ,2026-05-28T07:20:35Z
AAVSO,ALF ORI,1321801775,STD,2025-11-03T23:32:03Z,2025-11-03,2460983.4806,0.497,0.006,V,VOL,2026-05-28T07:20:35Z
AAVSO,ALF ORI,1321801776,STD,2025-11-03T23:34:13Z,2025-11-03,2460983.4821,0.499,0.012,V,VOL,2026-05-28T07:20:35Z
AAVSO,Betelgeuse,1318203856,,2025-11-03T23:35:00Z,2025-11-03,2460983.48264,0.4,,Vis.,MPIB,2026-05-28T07:20:35Z
AAVSO,ALF ORI,1318192031,,2025-11-04T01:19:12Z,2025-11-04,2460983.555,0.4,,Vis.,MQA,2026-05-28T07:20:35Z
AAVSO,alp ori,1318267129,,2025-11-04T01:59:59Z,2025-11-04,2460983.58333,0.5,,Vis.,MOSB,2026-05-28T07:20:35Z
AAVSO,ALF ORI,1318238660,,2025-11-04T11:03:59Z,2025-11-04,2460983.96111,0.5,,Vis.,CKB,2026-05-28T07:20:35Z
AAVSO,alf Ori,1318253979,STD,2025-11-05T03:35:00Z,2025-11-05,2460984.64931,0.6,,Vis.,FADC,2026-05-28T07:20:35Z
AAVSO,Alf Ori,1318265267,,2025-11-05T22:14:00Z,2025-11-05,2460985.42639,0.35,,Vis.,MPTA,2026-05-28T07:20:35Z
AAVSO,ALF ORI,1319535148,,2025-11-06T03:41:02Z,2025-11-06,2460985.6535,0.3,,Vis.,VFK,2026-05-28T07:20:35Z
AAVSO,alf ori,1318256308,,2025-11-06T04:25:00Z,2025-11-06,2460985.68403,0.4,,Vis.,MFB,2026-05-28T07:20:35Z
AAVSO,ALF ORI,1319535177,,2025-11-07T03:15:59Z,2025-11-07,2460986.6361,0.5,,Vis.,VFK,2026-05-28T07:20:35Z
AAVSO,000-BBK-383,1318289287,,2025-11-07T04:30:51Z,2025-11-07,2460986.6881,0.4,,Vis.,WALG,2026-05-28T07:20:35Z
AAVSO,Betelgeuse,1318306000,,2025-11-08T00:45:00Z,2025-11-08,2460987.53125,0.45,,Vis.,MPIB,2026-05-28T07:20:35Z
AAVSO,Alf Ori,1318846448,,2025-11-08T04:04:56Z,2025-11-08,2460987.6701,0.5,,Vis.,LCR,2026-05-28T07:20:35Z
AAVSO,alf Ori,1318303588,STD,2025-11-08T08:17:59Z,2025-11-08,2460987.845833,0.1,,Vis.,PRIB,2026-05-28T07:20:35Z
AAVSO,alf Ori,1318356012,,2025-11-08T22:30:00Z,2025-11-08,2460988.4375,0.5,,Vis.,SGQ,2026-05-28T07:20:35Z
AAVSO,alp ori,1318669087,,2025-11-09T02:15:00Z,2025-11-09,2460988.59375,0.5,,Vis.,MOSB,2026-05-28T07:20:35Z
AAVSO,alf ori,1318320718,,2025-11-09T04:45:00Z,2025-11-09,2460988.69792,0.4,,Vis.,MFB,2026-05-28T07:20:35Z
AAVSO,ALF ORI,1319943187,,2025-11-09T15:20:00Z,2025-11-09,2460989.1389,0.7,,Vis.,SSAB,2026-05-28T07:20:35Z
AAVSO,alf Ori,1318356011,,2025-11-09T22:30:00Z,2025-11-09,2460989.4375,0.5,,Vis.,SGQ,2026-05-28T07:20:35Z
AAVSO,ALF Ori,1319707741,,2025-11-10T04:48:00Z,2025-11-10,2460989.7,0.5,,Vis.,SPAO,2026-05-28T07:20:35Z
AAVSO,ALF ORI,1319535223,,2025-11-11T00:32:58Z,2025-11-11,2460990.5229,0.5,,Vis.,VFK,2026-05-28T07:20:35Z
AAVSO,ALF ORI,1319534540,,2025-11-11T01:26:58Z,2025-11-11,2460990.5604,0.5,,Vis.,AAX,2026-05-28T07:20:35Z
AAVSO,alf Ori,1318401827,STD,2025-11-11T11:12:59Z,2025-11-11,2460990.967361,0.63,,Vis.,SASC,2026-05-28T07:20:35Z
AAVSO,ALF ORI,1318443812,,2025-11-11T11:17:00Z,2025-11-11,2460990.97014,0.5,,Vis.,CKB,2026-05-28T07:20:35Z
AAVSO,ALF ORI,1319468861,,2025-11-11T16:08:58Z,2025-11-11,2460991.1729,0.4,,Vis.,SRX,2026-05-28T07:20:35Z
AAVSO,alf ori,1318437474,,2025-11-11T22:00:02Z,2025-11-11,2460991.4167,0.5,,Vis.,WBOA,2026-05-28T07:20:35Z
AAVSO,Alf ORI,1325888441,,2025-11-11T22:50:00Z,2025-11-11,2460991.45139,0.2,,Vis.,ATOB,2026-05-28T07:20:35Z
AAVSO,ALF ORI,1321934744,,2025-11-12T00:00:00Z,2025-11-12,2460991.5,0.4,,Vis.,SYU,2026-05-28T07:20:35Z
AAVSO,Alf Ori,1318438552,,2025-11-12T02:44:59Z,2025-11-12,2460991.61458,0.5,,Vis.,SGQ,2026-05-28T07:20:35Z
AAVSO,ALF ORI,1319468862,,2025-11-12T15:37:00Z,2025-11-12,2460992.1507,0.4,,Vis.,SRX,2026-05-28T07:20:35Z
AAVSO,Alf Ori,1319696072,,2025-11-13T22:41:00Z,2025-11-13,2460993.44514,0.7,,Vis.,PBYA,2026-05-28T07:20:35Z
AAVSO,ALF ORI,1318469956,,2025-11-14T01:39:21Z,2025-11-14,2460993.569,0.5,,Vis.,MQA,2026-05-28T07:20:35Z
AAVSO,000-BBK-383,1318468139,,2025-11-14T06:09:00Z,2025-11-14,2460993.75625,0.5,,Vis.,WALG,2026-05-28T07:20:35Z
AAVSO,alf Ori,1319534960,STD,2025-11-14T09:35:59Z,2025-11-14,2460993.9,0.7,,Vis.,MOW,2026-05-28T07:20:35Z
AAVSO,Alf Ori,1318509823,,2025-11-14T22:34:00Z,2025-11-14,2460994.44028,0.4,,Vis.,MPTA,2026-05-28T07:20:35Z
AAVSO,ALF ORI,1318485897,,2025-11-14T23:29:45Z,2025-11-14,2460994.479,0.4,,Vis.,MQA,2026-05-28T07:20:35Z
AAVSO,alf Ori,1318531562,,2025-11-15T04:59:59Z,2025-11-15,2460994.70833,0.62,,Vis.,SIVB,2026-05-28T07:20:35Z
AAVSO,ALF ORI,1318627581,,2025-11-15T21:38:52Z,2025-11-15,2460995.402,0.4,,Vis.,MQA,2026-05-28T07:20:35Z
AAVSO,ALF ORI,1319861406,,2025-11-15T22:33:35Z,2025-11-15,2460995.44,0.4,,Vis.,SBEA,2026-05-28T07:20:35Z
AAVSO,ALF ORI,1321934745,,2025-11-16T00:00:00Z,2025-11-16,2460995.5,0.6,,Vis.,SYU,2026-05-28T07:20:35Z
AAVSO,Betelgeuse,1323296851,,2025-11-16T02:50:00Z,2025-11-16,2460995.61806,0.32,,Vis.,BCAD,2026-05-28T07:20:35Z
AAVSO,ALF ORI,1319497965,,2025-11-16T03:07:11Z,2025-11-16,2460995.63,0.7,,Vis.,JLZ,2026-05-28T07:20:35Z
AAVSO,ALF ORI,1321934746,,2025-11-16T21:35:59Z,2025-11-16,2460996.4,0.6,,Vis.,SYU,2026-05-28T07:20:35Z
AAVSO,ALF ORI,1318627584,,2025-11-16T21:48:57Z,2025-11-16,2460996.409,0.4,,Vis.,MQA,2026-05-28T07:20:35Z
AAVSO,Alf Ori,1319473848,,2025-11-17T02:01:58Z,2025-11-17,2460996.5847,0.5,,Vis.,LCR,2026-05-28T07:20:35Z
AAVSO,ALF ORI,1318670770,,2025-11-17T05:50:03Z,2025-11-17,2460996.7431,0.4,,Vis.,PYG,2026-05-28T07:20:35Z
AAVSO,ALF ORI,1321934747,,2025-11-17T21:35:59Z,2025-11-17,2460997.4,0.6,,Vis.,SYU,2026-05-28T07:20:35Z
AAVSO,ALF ORI,1318663313,,2025-11-17T21:38:52Z,2025-11-17,2460997.402,0.5,,Vis.,MQA,2026-05-28T07:20:35Z
AAVSO,Betelgeuse,1318652109,,2025-11-17T21:54:59Z,2025-11-17,2460997.41319,0.6,,Vis.,MPIB,2026-05-28T07:20:35Z
AAVSO,Betelgeuse,1323296845,,2025-11-18T00:04:59Z,2025-11-18,2460997.50347,0.4,,Vis.,BCAD,2026-05-28T07:20:35Z
AAVSO,alp ori,1318669090,,2025-11-18T01:00:00Z,2025-11-18,2460997.54167,0.5,,Vis.,MOSB,2026-05-28T07:20:35Z
AAVSO,ALF ORI,1319535242,,2025-11-18T01:14:00Z,2025-11-18,2460997.5514,0.5,,Vis.,VFK,2026-05-28T07:20:35Z
AAVSO,ALF ORI,1321801777,STD,2025-11-18T21:11:22Z,2025-11-18,2460998.3829,0.504,0.008,V,VOL,2026-05-28T07:20:35Z
AAVSO,ALF ORI,1321801778,STD,2025-11-18T21:13:58Z,2025-11-18,2460998.3847,0.492,0.008,V,VOL,2026-05-28T07:20:35Z
AAVSO,ALF ORI,1318674016,,2025-11-19T03:26:59Z,2025-11-19,2460998.64375,0.4,,Vis.,CKB,2026-05-28T07:20:35Z
AAVSO,ALF ORI,1319534541,,2025-11-19T06:44:03Z,2025-11-19,2460998.7806,0.4,,Vis.,AAX,2026-05-28T07:20:35Z
AAVSO,ALF ORI,1318759409,,2025-11-20T02:24:00Z,2025-11-20,2460999.6,0.4,,Vis.,PYG,2026-05-28T07:20:35Z
AAVSO,ALF ORI,1321801779,STD,2025-11-20T02:54:14Z,2025-11-20,2460999.621,0.504,0.008,V,VOL,2026-05-28T07:20:35Z
AAVSO,ALF Ori,1318711318,,2025-11-20T14:57:59Z,2025-11-20,2461000.1236,0.45,,Vis.,SRX,2026-05-28T07:20:35Z
AAVSO,alf ori,1319207391,,2025-11-20T22:00:02Z,2025-11-20,2461000.4167,0.5,,Vis.,WBOA,2026-05-28T07:20:35Z
AAVSO,alf Ori,1321808709,STD,2025-11-20T22:50:00Z,2025-11-20,2461000.45139,0.6,,Vis.,UAN,2026-05-28T07:20:35Z
AAVSO,Betelgeuse,1318716026,,2025-11-21T05:32:00Z,2025-11-21,2461000.73056,0.4,,Vis.,JNCA,2026-05-28T07:20:35Z
AAVSO,ALF ORI,1321934748,,2025-11-21T21:35:59Z,2025-11-21,2461001.4,0.7,,Vis.,SYU,2026-05-28T07:20:35Z
AAVSO,Betelgeuse,1318753058,,2025-11-21T21:54:59Z,2025-11-21,2461001.41319,0.6,,Vis.,MPIB,2026-05-28T07:20:35Z
AAVSO,alf ori,1319207392,,2025-11-21T22:00:02Z,2025-11-21,2461001.4167,0.5,,Vis.,WBOA,2026-05-28T07:20:35Z
AAVSO,Betelgeuse,1323296846,,2025-11-21T22:45:00Z,2025-11-21,2461001.44792,0.4,,Vis.,BCAD,2026-05-28T07:20:35Z
AAVSO,Alf Ori,1319792989,,2025-11-21T23:35:57Z,2025-11-21,2461001.4833,0.5,,Vis.,LCR,2026-05-28T07:20:35Z
AAVSO,ALF ORI,1318925640,,2025-11-22T03:00:00Z,2025-11-22,2461001.625,0.5,,Vis.,MQA,2026-05-28T07:20:35Z
AAVSO,000-BBK-383,1318755216,,2025-11-22T06:09:56Z,2025-11-22,2461001.7569,0.5,,Vis.,WALG,2026-05-28T07:20:35Z
AAVSO,alf Ori,1318790439,STD,2025-11-22T07:29:25Z,2025-11-22,2461001.8121,0.546,0.006,V,CTOA,2026-05-28T07:20:35Z
AAVSO,ALF ORI,1319583179,,2025-11-22T15:21:36Z,2025-11-22,2461002.14,0.4,,Vis.,ONOB,2026-05-28T07:20:35Z
AAVSO,ALF ORI,1321934749,,2025-11-22T21:35:59Z,2025-11-22,2461002.4,0.65,,Vis.,SYU,2026-05-28T07:20:35Z
AAVSO,ALF ORI,1318925644,,2025-11-22T22:09:07Z,2025-11-22,2461002.423,0.5,,Vis.,MQA,2026-05-28T07:20:35Z
AAVSO,Betelgeuse,1318824284,,2025-11-22T22:39:59Z,2025-11-22,2461002.44444,0.5,,Vis.,MPIB,2026-05-28T07:20:35Z
AAVSO,ALF ORI,1319861407,,2025-11-23T00:57:36Z,2025-11-23,2461002.54,0.4,,Vis.,SBEA,2026-05-28T07:20:35Z
AAVSO,ALF ORI,1319535362,,2025-11-23T02:01:58Z,2025-11-23,2461002.5847,0.5,,Vis.,VFK,2026-05-28T07:20:35Z
AAVSO,ALF ORI,1318862114,,2025-11-23T04:36:00Z,2025-11-23,2461002.69167,0.4,,Vis.,CKB,2026-05-28T07:20:35Z
AAVSO,alf Ori,1319534961,STD,2025-11-24T09:35:59Z,2025-11-24,2461003.9,0.7,,Vis.,MOW,2026-05-28T07:20:35Z
AAVSO,ALF ORI,1318925647,,2025-11-25T00:00:00Z,2025-11-25,2461004.5,0.5,,Vis.,MQA,2026-05-28T07:20:35Z
AAVSO,alf Ori,1318980018,STD,2025-11-25T14:09:01Z,2025-11-25,2461005.0896,0.45,,Vis.,SRX,2026-05-28T07:20:35Z
AAVSO,Alf Ori,1318979638,,2025-11-25T15:40:01Z,2025-11-25,2461005.1528,0.6,,Vis.,GALT,2026-05-28T07:20:35Z
AAVSO,ALF ORI,1321934750,,2025-11-25T21:35:59Z,2025-11-25,2461005.4,0.6,,Vis.,SYU,2026-05-28T07:20:35Z
AAVSO,Alf Ori,1320189018,,2025-11-26T01:14:00Z,2025-11-26,2461005.5514,0.5,,Vis.,LCR,2026-05-28T07:20:35Z
AAVSO,ALF ORI,1319168366,,2025-11-26T02:12:02Z,2025-11-26,2461005.5917,0.5,,Vis.,PYG,2026-05-28T07:20:35Z
AAVSO,alf Ori,1319407827,STD,2025-11-26T04:25:00Z,2025-11-26,2461005.68403,0.6,,Vis.,FADC,2026-05-28T07:20:35Z
AAVSO,000-BBK-383,1318980303,,2025-11-26T06:45:00Z,2025-11-26,2461005.78125,0.5,,Vis.,WALG,2026-05-28T07:20:35Z
AAVSO,ALF ORI,1319468865,,2025-11-26T14:26:00Z,2025-11-26,2461006.1014,0.4,,Vis.,SRX,2026-05-28T07:20:35Z
AAVSO,ALF Ori,1319707742,,2025-11-26T21:35:59Z,2025-11-26,2461006.4,0.5,,Vis.,SPAO,2026-05-28T07:20:35Z
AAVSO,alf ori,1319207393,,2025-11-26T22:00:02Z,2025-11-26,2461006.4167,0.3,,Vis.,WBOA,2026-05-28T07:20:35Z
AAVSO,ALF ORI,1319476471,,2025-11-27T03:18:00Z,2025-11-27,2461006.6375,0.4,,Vis.,CKB,2026-05-28T07:20:35Z
AAVSO,alf Ori,1319324674,STD,2025-11-27T07:42:23Z,2025-11-27,2461006.8211,0.531,0.005,V,CTOA,2026-05-28T07:20:35Z
AAVSO,ALF ORI,1321801780,STD,2025-11-27T21:04:01Z,2025-11-27,2461007.3778,0.501,0.022,V,VOL,2026-05-28T07:20:35Z
AAVSO,ALF ORI,1321801781,STD,2025-11-27T21:06:54Z,2025-11-27,2461007.3798,0.502,0.018,V,VOL,2026-05-28T07:20:35Z
AAVSO,Betelgeuse,1319409490,,2025-11-27T23:19:59Z,2025-11-27,2461007.47222,0.3,,Vis.,MPIB,2026-05-28T07:20:35Z
AAVSO,000-BBK-383,1319395330,,2025-11-28T03:45:00Z,2025-11-28,2461007.65625,0.6,,Vis.,WALG,2026-05-28T07:20:35Z
AAVSO,ALF ORI,1319534542,,2025-11-28T07:04:56Z,2025-11-28,2461007.7951,0.4,,Vis.,AAX,2026-05-28T07:20:35Z
AAVSO,ALF ORI,1319583180,,2025-11-28T13:46:33Z,2025-11-28,2461008.074,0.4,,Vis.,ONOB,2026-05-28T07:20:35Z
AAVSO,ALF ORI,1319534543,,2025-11-29T07:05:57Z,2025-11-29,2461008.7958,0.4,,Vis.,AAX,2026-05-28T07:20:35Z
AAVSO,ALF Ori,1319707743,,2025-11-29T21:35:59Z,2025-11-29,2461009.4,0.3,,Vis.,SPAO,2026-05-28T07:20:35Z
AAVSO,ALF ORI,1321934751,,2025-11-30T21:35:59Z,2025-11-30,2461010.4,0.6,,Vis.,SYU,2026-05-28T07:20:35Z
AAVSO,Betelgeuse,1323296847,,2025-12-01T03:29:59Z,2025-12-01,2461010.64583,0.44,,Vis.,BCAD,2026-05-28T07:20:35Z
AAVSO,Alf Ori,1319633824,,2025-12-01T17:45:01Z,2025-12-01,2461011.2396,0.6,,Vis.,GALT,2026-05-28T07:20:35Z
AAVSO,ALF ORI,1321905010,,2025-12-01T18:35:59Z,2025-12-01,2461011.275,0.5,,Vis.,VFK,2026-05-28T07:20:35Z
AAVSO,Alf Ori,1321427186,,2025-12-01T20:33:04Z,2025-12-01,2461011.3563,0.5,,Vis.,LCR,2026-05-28T07:20:35Z
AAVSO,ALF ORI,1322538599,,2025-12-02T01:08:58Z,2025-12-02,2461011.5479,0.4,,Vis.,CFL,2026-05-28T07:20:35Z
AAVSO,ALF ORI,1323158615,,2025-12-02T20:49:55Z,2025-12-02,2461012.368,0.2,,Vis.,BHA,2026-05-28T07:20:35Z
AAVSO,ALF ORI,1319569555,,2025-12-03T04:05:00Z,2025-12-03,2461012.67014,0.3,,Vis.,CKB,2026-05-28T07:20:35Z
AAVSO,000-BBK-383,1319563792,,2025-12-03T06:05:45Z,2025-12-03,2461012.754,0.4,,Vis.,WALG,2026-05-28T07:20:35Z
AAVSO,ALF ORI,1321853985,,2025-12-03T06:29:57Z,2025-12-03,2461012.7708,0.4,,Vis.,AAX,2026-05-28T07:20:35Z
AAVSO,Alf Ori,1321757025,,2025-12-03T13:56:03Z,2025-12-03,2461013.0806,0.6,,Vis.,GALT,2026-05-28T07:20:35Z
AAVSO,ALF ORI,1323158616,,2025-12-03T20:25:26Z,2025-12-03,2461013.351,0.2,,Vis.,BHA,2026-05-28T07:20:35Z
AAVSO,ALF ORI,1321905052,,2025-12-06T01:03:04Z,2025-12-06,2461015.5438,0.4,,Vis.,VFK,2026-05-28T07:20:35Z
AAVSO,ALF ORI,1321905066,,2025-12-07T00:32:58Z,2025-12-07,2461016.5229,0.5,,Vis.,VFK,2026-05-28T07:20:35Z
AAVSO,alf Ori,1319680443,STD,2025-12-07T07:45:16Z,2025-12-07,2461016.823102,0.75,,Vis.,SASC,2026-05-28T07:20:35Z
AAVSO,ALF ORI,1322065135,,2025-12-07T12:35:59Z,2025-12-07,2461017.025,0.4,,Vis.,ONOB,2026-05-28T07:20:35Z
AAVSO,Alf Ori,1321757026,,2025-12-07T13:44:58Z,2025-12-07,2461017.0729,0.5,,Vis.,GALT,2026-05-28T07:20:35Z
AAVSO,ALF Ori,1321908497,,2025-12-07T21:35:59Z,2025-12-07,2461017.4,0.3,,Vis.,SPAO,2026-05-28T07:20:35Z
AAVSO,Betelgeuse,1319715681,,2025-12-07T23:10:00Z,2025-12-07,2461017.46528,0.3,,Vis.,MPIB,2026-05-28T07:20:35Z
AAVSO,Alf Ori,1321654530,,2025-12-08T00:09:56Z,2025-12-08,2461017.5069,0.5,,Vis.,LCR,2026-05-28T07:20:35Z
AAVSO,000-BBK-383,1319735698,,2025-12-09T06:38:52Z,2025-12-09,2461018.777,0.4,,Vis.,WALG,2026-05-28T07:20:35Z
AAVSO,ALF ORI,1322065136,,2025-12-09T13:09:07Z,2025-12-09,2461019.048,0.4,,Vis.,ONOB,2026-05-28T07:20:35Z
AAVSO,Betelgeuse,1323296848,,2025-12-09T22:39:59Z,2025-12-09,2461019.44444,0.43,,Vis.,BCAD,2026-05-28T07:20:35Z
AAVSO,ALF ORI,1321853986,,2025-12-09T23:34:56Z,2025-12-09,2461019.4826,0.6,,Vis.,AAX,2026-05-28T07:20:35Z
AAVSO,ALF ORI,1319825929,,2025-12-10T02:21:00Z,2025-12-10,2461019.59792,0.5,,Vis.,CKB,2026-05-28T07:20:35Z
AAVSO,ALF ORI,1324387359,,2025-12-10T14:07:00Z,2025-12-10,2461020.0882,0.5,,Vis.,SRX,2026-05-28T07:20:35Z
AAVSO,ALF ORI,1321801782,STD,2025-12-10T19:00:28Z,2025-12-10,2461020.292,0.49,0.016,V,VOL,2026-05-28T07:20:35Z
AAVSO,ALF ORI,1321801783,STD,2025-12-10T19:02:47Z,2025-12-10,2461020.2936,0.514,0.01,V,VOL,2026-05-28T07:20:35Z
AAVSO,alf ori,1319846445,STD,2025-12-10T21:20:00Z,2025-12-10,2461020.3889,0.465,0.006,V,CTIA,2026-05-28T07:20:35Z
AAVSO,Alf Ori,1325554711,,2025-12-10T21:26:00Z,2025-12-10,2461020.39306,0.5,,Vis.,CLAC,2026-05-28T07:20:35Z
AAVSO,ALF ORI,1321853987,,2025-12-10T23:21:59Z,2025-12-10,2461020.4736,0.5,,Vis.,AAX,2026-05-28T07:20:35Z
AAVSO,000-BBK-383,1319826721,,2025-12-11T02:54:57Z,2025-12-11,2461020.6215,0.6,,Vis.,WALG,2026-05-28T07:20:35Z
AAVSO,ALF ORI,1324387360,,2025-12-11T15:33:59Z,2025-12-11,2461021.1486,0.5,,Vis.,SRX,2026-05-28T07:20:35Z
AAVSO,Betelgeuse,1319843864,,2025-12-11T20:42:59Z,2025-12-11,2461021.36319,0.84,,Vis.,SBEF,2026-05-28T07:20:35Z
AAVSO,ALF ORI,1323158617,,2025-12-11T20:45:36Z,2025-12-11,2461021.365,0.4,,Vis.,BHA,2026-05-28T07:20:35Z
AAVSO,Betelgeuse,1323296868,,2025-12-11T21:24:59Z,2025-12-11,2461021.39236,0.37,,Vis.,BCAD,2026-05-28T07:20:35Z
AAVSO,alf ori,1320357739,,2025-12-11T22:00:02Z,2025-12-11,2461021.4167,0.2,,Vis.,WBOA,2026-05-28T07:20:35Z
AAVSO,Betelgeuse,1323296850,,2025-12-11T22:39:59Z,2025-12-11,2461021.44444,0.37,,Vis.,BCAD,2026-05-28T07:20:35Z
AAVSO,alf Ori,1322392664,STD,2025-12-12T04:48:00Z,2025-12-12,2461021.7,0.7,,Vis.,MOW,2026-05-28T07:20:35Z
AAVSO,000-BBK-383,1319842300,,2025-12-12T05:09:35Z,2025-12-12,2461021.715,0.4,,Vis.,WALG,2026-05-28T07:20:35Z
AAVSO,Alf Ori,1321757027,,2025-12-12T15:43:03Z,2025-12-12,2461022.1549,0.6,,Vis.,GALT,2026-05-28T07:20:35Z
AAVSO,ALF Ori,1321908495,,2025-12-12T19:11:59Z,2025-12-12,2461022.3,0.1,,Vis.,SPAO,2026-05-28T07:20:35Z
AAVSO,ALF ORI,1323158618,,2025-12-12T20:45:36Z,2025-12-12,2461022.365,0.3,,Vis.,BHA,2026-05-28T07:20:35Z
AAVSO,alf ori,1320120831,STD,2025-12-12T21:29:57Z,2025-12-12,2461022.3958,0.51,0.01,V,CTIA,2026-05-28T07:20:35Z
AAVSO,ALF ORI,1320119789,,2025-12-12T21:49:58Z,2025-12-12,2461022.4097,0.5,,Vis.,PYG,2026-05-28T07:20:35Z
AAVSO,000-BBK-383,1319855266,,2025-12-13T04:43:40Z,2025-12-13,2461022.697,0.6,,Vis.,WALG,2026-05-28T07:20:35Z
AAVSO,alf ori,1319863590,,2025-12-13T18:56:00Z,2025-12-13,2461023.28889,0.5,,Vis.,MFB,2026-05-28T07:20:35Z
AAVSO,ALF ORI,1319871720,,2025-12-13T19:59:31Z,2025-12-13,2461023.333,0.5,,Vis.,MQA,2026-05-28T07:20:35Z
AAVSO,Alf Ori,1321972163,,2025-12-13T21:12:57Z,2025-12-13,2461023.384,0.5,,Vis.,LCR,2026-05-28T07:20:35Z
AAVSO,Betelgeuse,1319943174,,2025-12-13T23:01:00Z,2025-12-13,2461023.45903,0.78,,Vis.,DMIB,2026-05-28T07:20:35Z
AAVSO,alf ori,1319876280,,2025-12-14T13:48:59Z,2025-12-14,2461024.07569,0.8,,Vis.,SANG,2026-05-28T07:20:35Z
AAVSO,ALF Ori,1321908498,,2025-12-14T19:11:59Z,2025-12-14,2461024.3,0.3,,Vis.,SPAO,2026-05-28T07:20:35Z
AAVSO,ALF ORI,1321934752,,2025-12-14T19:11:59Z,2025-12-14,2461024.3,0.65,,Vis.,SYU,2026-05-28T07:20:35Z
AAVSO,Betelgeuse,1321970021,,2025-12-14T20:42:59Z,2025-12-14,2461024.36319,0.58,,Vis.,SBEF,2026-05-28T07:20:35Z
AAVSO,alp ori,1320388473,,2025-12-14T21:00:00Z,2025-12-14,2461024.375,0.5,,Vis.,MOSB,2026-05-28T07:20:35Z
AAVSO,ALF ORI,1320193141,,2025-12-15T02:03:59Z,2025-12-15,2461024.58611,0.3,,Vis.,CKB,2026-05-28T07:20:35Z
AAVSO,Alf Ori,1320191807,,2025-12-15T19:48:59Z,2025-12-15,2461025.32569,0.3,,Vis.,MPTA,2026-05-28T07:20:35Z
AAVSO,ALF ORI,1323158619,,2025-12-15T20:49:55Z,2025-12-15,2461025.368,0.3,,Vis.,BHA,2026-05-28T07:20:35Z
AAVSO,Alf Ori,1325554712,,2025-12-15T21:29:59Z,2025-12-15,2461025.39583,0.6,,Vis.,CLAC,2026-05-28T07:20:35Z
AAVSO,ALF ORI,1321934753,,2025-12-15T21:35:59Z,2025-12-15,2461025.4,0.65,,Vis.,SYU,2026-05-28T07:20:35Z
AAVSO,alf ori,1320357740,,2025-12-15T22:00:02Z,2025-12-15,2461025.4167,0.5,,Vis.,WBOA,2026-05-28T07:20:35Z
AAVSO,Betelgeuse,1320191762,,2025-12-15T22:09:59Z,2025-12-15,2461025.42361,0.5,,Vis.,MPIB,2026-05-28T07:20:35Z
AAVSO,Alpha Ori,1321641101,,2025-12-15T22:59:59Z,2025-12-15,2461025.45833,0.4,,Vis.,MEMC,2026-05-28T07:20:35Z
AAVSO,000-BBK-383,1320193868,,2025-12-16T05:12:00Z,2025-12-16,2461025.71667,0.6,,Vis.,WALG,2026-05-28T07:20:35Z
AAVSO,alf Ori,1320357741,STD,2025-12-16T13:38:03Z,2025-12-16,2461026.0681,0.55,,Vis.,SRX,2026-05-28T07:20:35Z
AAVSO,ALF ORI,1324387361,,2025-12-16T13:38:03Z,2025-12-16,2461026.0681,0.6,,Vis.,SRX,2026-05-28T07:20:35Z
AAVSO,Betelgeuse,1323296853,,2025-12-16T22:00:00Z,2025-12-16,2461026.41667,0.34,,Vis.,BCAD,2026-05-28T07:20:35Z
AAVSO,ALF ORI,1321905253,,2025-12-17T01:59:57Z,2025-12-17,2461026.5833,0.7,,Vis.,VFK,2026-05-28T07:20:35Z
AAVSO,ALF ORI,1321853988,,2025-12-17T06:34:59Z,2025-12-17,2461026.7743,0.5,,Vis.,AAX,2026-05-28T07:20:35Z
AAVSO,ALF ORI,1321905308,,2025-12-18T01:34:01Z,2025-12-18,2461027.5653,0.5,,Vis.,VFK,2026-05-28T07:20:35Z
AAVSO,ALF ORI,1321801784,STD,2025-12-18T18:38:44Z,2025-12-18,2461028.2769,0.559,0.015,V,VOL,2026-05-28T07:20:35Z
AAVSO,ALF ORI,1321801785,STD,2025-12-18T18:41:11Z,2025-12-18,2461028.2786,0.544,0.01,V,VOL,2026-05-28T07:20:35Z
AAVSO,ALF ORI,1321934754,,2025-12-18T19:11:59Z,2025-12-18,2461028.3,0.65,,Vis.,SYU,2026-05-28T07:20:35Z
AAVSO,ALF ORI,1323158620,,2025-12-18T20:39:50Z,2025-12-18,2461028.361,0.3,,Vis.,BHA,2026-05-28T07:20:35Z
AAVSO,ALF ORI,1321905344,,2025-12-18T21:48:57Z,2025-12-18,2461028.409,0.5,,Vis.,VFK,2026-05-28T07:20:35Z
AAVSO,alf ori,1321556400,,2025-12-18T22:00:02Z,2025-12-18,2461028.4167,0.6,,Vis.,WBOA,2026-05-28T07:20:35Z
AAVSO,Betelgeuse,1320956510,,2025-12-18T22:59:59Z,2025-12-18,2461028.45833,0.55,,Vis.,MPIB,2026-05-28T07:20:35Z
AAVSO,ALF ORI,1321221389,,2025-12-18T23:42:43Z,2025-12-18,2461028.488,0.4,,Vis.,PYG,2026-05-28T07:20:35Z
AAVSO,Betelgeuse,1323296855,,2025-12-18T23:55:00Z,2025-12-18,2461028.49653,0.39,,Vis.,BCAD,2026-05-28T07:20:35Z
AAVSO,ALF ORI,1321853989,,2025-12-19T00:13:58Z,2025-12-19,2461028.5097,0.6,,Vis.,AAX,2026-05-28T07:20:35Z
AAVSO,ALF ORI,1321073240,,2025-12-19T04:23:00Z,2025-12-19,2461028.68264,0.4,,Vis.,CKB,2026-05-28T07:20:35Z
AAVSO,Betelgeuse,1321005489,,2025-12-19T21:00:00Z,2025-12-19,2461029.375,0.55,,Vis.,MPIB,2026-05-28T07:20:35Z
AAVSO,ALF ORI,1321853990,,2025-12-20T01:24:57Z,2025-12-20,2461029.559,0.5,,Vis.,AAX,2026-05-28T07:20:35Z
AAVSO,000-BBK-383,1321006672,,2025-12-20T03:15:00Z,2025-12-20,2461029.63542,0.2,,Vis.,WALG,2026-05-28T07:20:35Z
AAVSO,ALF ORI,1321801786,STD,2025-12-20T18:16:24Z,2025-12-20,2461030.2614,0.554,0.016,V,VOL,2026-05-28T07:20:35Z
AAVSO,ALF ORI,1321800032,,2025-12-21T00:26:03Z,2025-12-21,2461030.5181,0.5,,Vis.,LMMB,2026-05-28T07:20:35Z
AAVSO,ALF ORI,1322304469,,2025-12-21T01:11:59Z,2025-12-21,2461030.55,0.4,,Vis.,SBEA,2026-05-28T07:20:35Z
AAVSO,Alf Ori,1321757028,,2025-12-21T12:13:58Z,2025-12-21,2461031.0097,0.6,,Vis.,GALT,2026-05-28T07:20:35Z
AAVSO,ALF ORI,1323158621,,2025-12-21T20:45:36Z,2025-12-21,2461031.365,0.3,,Vis.,BHA,2026-05-28T07:20:35Z
AAVSO,Betelgeuse,1323296869,,2025-12-21T21:24:59Z,2025-12-21,2461031.39236,0.39,,Vis.,BCAD,2026-05-28T07:20:35Z
AAVSO,ALF ORI,1321905353,,2025-12-21T21:52:59Z,2025-12-21,2461031.4118,0.5,,Vis.,VFK,2026-05-28T07:20:35Z
AAVSO,ALF ORI,1322590894,STD,2025-12-21T22:02:40Z,2025-12-21,2461031.41852,0.602,0.017,V,NOT,2026-05-28T07:20:35Z
AAVSO,ALF ORI,1321580724,,2025-12-22T04:32:59Z,2025-12-22,2461031.68958,0.6,,Vis.,SSHA,2026-05-28T07:20:35Z
AAVSO,alf ori,1321793981,,2025-12-22T19:43:00Z,2025-12-22,2461032.32153,0.2,,Vis.,MVO,2026-05-28T07:20:35Z
AAVSO,Alf Ori,1322283103,,2025-12-22T20:17:57Z,2025-12-22,2461032.3458,0.5,,Vis.,LCR,2026-05-28T07:20:35Z
AAVSO,Alpha Ori,1321641100,,2025-12-22T21:20:00Z,2025-12-22,2461032.38889,0.6,,Vis.,MEMC,2026-05-28T07:20:35Z
AAVSO,ALF ORI,1321934755,,2025-12-22T21:35:59Z,2025-12-22,2461032.4,0.7,,Vis.,SYU,2026-05-28T07:20:35Z
AAVSO,ALF ORI,1321647271,STD,2025-12-23T04:51:01Z,2025-12-23,2461032.7021,0.61,0.002,V,KPL,2026-05-28T07:20:35Z
AAVSO,ALF ORI,1321853991,,2025-12-23T06:12:57Z,2025-12-23,2461032.759,0.5,,Vis.,AAX,2026-05-28T07:20:35Z
AAVSO,Alf Ori,1321757029,,2025-12-23T15:15:59Z,2025-12-23,2461033.1361,0.6,,Vis.,GALT,2026-05-28T07:20:35Z
AAVSO,Alpha Ori,1321641102,,2025-12-23T22:20:00Z,2025-12-23,2461033.43056,0.5,,Vis.,MEMC,2026-05-28T07:20:35Z
AAVSO,000-BBK-383,1321580613,,2025-12-24T03:28:48Z,2025-12-24,2461033.645,0.6,,Vis.,WALG,2026-05-28T07:20:35Z
AAVSO,alf Ori,1321656557,,2025-12-24T18:24:59Z,2025-12-24,2461034.26736,0.8,,Vis.,SIVA,2026-05-28T07:20:35Z
AAVSO,ALF ORI,1321798214,,2025-12-24T19:39:21Z,2025-12-24,2461034.319,0.6,,Vis.,MQA,2026-05-28T07:20:35Z
AAVSO,ALF ORI,1323158622,,2025-12-24T20:39:50Z,2025-12-24,2461034.361,0.2,,Vis.,BHA,2026-05-28T07:20:35Z
AAVSO,Betelgeuse,1321654909,,2025-12-24T21:09:59Z,2025-12-24,2461034.38194,0.6,,Vis.,MPIB,2026-05-28T07:20:35Z
AAVSO,ALF ORI,1321798216,,2025-12-24T21:59:02Z,2025-12-24,2461034.416,0.6,,Vis.,MQA,2026-05-28T07:20:35Z
AAVSO,alf ori,1321787462,,2025-12-24T22:00:02Z,2025-12-24,2461034.4167,0.5,,Vis.,WBOA,2026-05-28T07:20:35Z
AAVSO,alp ori,1321758902,,2025-12-24T22:20:00Z,2025-12-24,2461034.43056,0.55,,Vis.,MOSB,2026-05-28T07:20:35Z
AAVSO,ALF ORI,1322304470,,2025-12-25T00:57:36Z,2025-12-25,2461034.54,0.5,,Vis.,SBEA,2026-05-28T07:20:35Z
AAVSO,alf ori,1321793994,,2025-12-25T18:49:59Z,2025-12-25,2461035.28472,0.3,,Vis.,MVO,2026-05-28T07:20:35Z
AAVSO,ALF ORI,1323158623,,2025-12-25T20:29:45Z,2025-12-25,2461035.354,0.4,,Vis.,BHA,2026-05-28T07:20:35Z
AAVSO,alf ori,1321787463,,2025-12-25T22:00:02Z,2025-12-25,2461035.4167,0.5,,Vis.,WBOA,2026-05-28T07:20:35Z
AAVSO,alf Ori,1321735004,,2025-12-25T22:32:59Z,2025-12-25,2461035.43958,0.6,,Vis.,MDAW,2026-05-28T07:20:35Z
AAVSO,Betelgeuse,1323296857,,2025-12-25T23:05:00Z,2025-12-25,2461035.46181,0.39,,Vis.,BCAD,2026-05-28T07:20:35Z
AAVSO,Alf Ori,1321778909,,2025-12-26T11:39:59Z,2025-12-26,2461035.9861,0.6,,Vis.,GALT,2026-05-28T07:20:35Z
AAVSO,alf Ori,1323942635,,2025-12-26T18:49:59Z,2025-12-26,2461036.28472,0.7,,Vis.,SIVB,2026-05-28T07:20:35Z
AAVSO,ALF ORI,1321801787,STD,2025-12-26T18:51:33Z,2025-12-26,2461036.2858,0.581,0.012,V,VOL,2026-05-28T07:20:35Z
AAVSO,ALF ORI,1321801788,STD,2025-12-26T18:54:25Z,2025-12-26,2461036.2878,0.58,0.006,V,VOL,2026-05-28T07:20:35Z
AAVSO,alf ORI,1322534070,,2025-12-26T19:26:24Z,2025-12-26,2461036.31,7.0,,Vis.,JLZ,2026-05-28T07:20:35Z
AAVSO,ALF ORI,1323158624,,2025-12-26T20:29:45Z,2025-12-26,2461036.354,0.4,,Vis.,BHA,2026-05-28T07:20:35Z
AAVSO,ALF ORI,1323647944,,2025-12-26T20:29:45Z,2025-12-26,2461036.354,0.6,,Vis.,SRBR,2026-05-28T07:20:35Z
AAVSO,ALF ORI,1321842749,,2025-12-26T21:07:11Z,2025-12-26,2461036.38,0.5,,Vis.,KSZ,2026-05-28T07:20:35Z
AAVSO,alf ori,1321765434,STD,2025-12-26T21:16:59Z,2025-12-26,2461036.3868,0.55,0.01,V,CTIA,2026-05-28T07:20:35Z
AAVSO,ALF ORI,1322602736,STD,2025-12-26T22:46:09Z,2025-12-26,2461036.44872,0.59,0.009,V,NOT,2026-05-28T07:20:35Z
AAVSO,Betelgeuse,1323296858,,2025-12-26T22:50:00Z,2025-12-26,2461036.45139,0.46,,Vis.,BCAD,2026-05-28T07:20:35Z
AAVSO,ALF ORI,1322304471,,2025-12-27T00:57:36Z,2025-12-27,2461036.54,0.5,,Vis.,SBEA,2026-05-28T07:20:35Z
AAVSO,ALF ORI,1322065137,,2025-12-27T11:52:48Z,2025-12-27,2461036.995,0.7,,Vis.,ONOB,2026-05-28T07:20:35Z
AAVSO,ALF ORI,1324387362,,2025-12-27T13:00:02Z,2025-12-27,2461037.0417,0.6,,Vis.,SRX,2026-05-28T07:20:35Z
AAVSO,Alf Ori,1321778910,,2025-12-27T13:39:56Z,2025-12-27,2461037.0694,0.6,,Vis.,GALT,2026-05-28T07:20:35Z
AAVSO,ALF Ori,1321908499,,2025-12-27T19:11:59Z,2025-12-27,2461037.3,0.3,,Vis.,SPAO,2026-05-28T07:20:35Z
AAVSO,ALF ORI,1321934756,,2025-12-27T19:11:59Z,2025-12-27,2461037.3,0.7,,Vis.,SYU,2026-05-28T07:20:35Z
AAVSO,Betelgeuse,1321813230,,2025-12-27T21:20:00Z,2025-12-27,2461037.38889,0.6,,Vis.,MPIB,2026-05-28T07:20:35Z
AAVSO,Betelgeuse,1323296859,,2025-12-27T21:40:00Z,2025-12-27,2461037.40278,0.46,,Vis.,BCAD,2026-05-28T07:20:35Z
AAVSO,alf ori,1321787464,,2025-12-27T22:00:02Z,2025-12-27,2461037.4167,0.5,,Vis.,WBOA,2026-05-28T07:20:35Z
AAVSO,ALF ORI,1321801789,STD,2025-12-27T22:09:15Z,2025-12-27,2461037.4231,0.6,0.006,V,VOL,2026-05-28T07:20:35Z
AAVSO,ALF ORI,1321801790,STD,2025-12-27T22:11:51Z,2025-12-27,2461037.4249,0.614,0.01,V,VOL,2026-05-28T07:20:35Z
AAVSO,alf Ori,1321818577,,2025-12-27T22:30:59Z,2025-12-27,2461037.43819,0.5,,Vis.,SGQ,2026-05-28T07:20:35Z
AAVSO,Alf Ori,1325554713,,2025-12-27T22:50:00Z,2025-12-27,2461037.45139,0.55,,Vis.,CLAC,2026-05-28T07:20:35Z
AAVSO,alf Ori,1321808761,STD,2025-12-27T23:50:00Z,2025-12-27,2461037.4930556,0.7,,Vis.,UAN,2026-05-28T07:20:35Z
AAVSO,ALF ORI,1321905386,,2025-12-28T01:11:59Z,2025-12-28,2461037.55,0.5,,Vis.,VFK,2026-05-28T07:20:35Z
AAVSO,ALF ORI,1323158625,,2025-12-28T19:04:47Z,2025-12-28,2461038.295,0.4,,Vis.,BHA,2026-05-28T07:20:35Z
AAVSO,alpha ori,1321785001,,2025-12-28T19:18:00Z,2025-12-28,2461038.30417,0.3,,Vis.,PARC,2026-05-28T07:20:35Z
AAVSO,ALF ORI,1321801791,STD,2025-12-28T20:31:11Z,2025-12-28,2461038.355,0.586,0.009,V,VOL,2026-05-28T07:20:35Z
AAVSO,ALF ORI,1321798223,,2025-12-28T20:39:50Z,2025-12-28,2461038.361,0.5,,Vis.,MQA,2026-05-28T07:20:35Z
AAVSO,Betelgeuse,1323296860,,2025-12-28T21:40:00Z,2025-12-28,2461038.40278,0.42,,Vis.,BCAD,2026-05-28T07:20:35Z
AAVSO,alf Ori,1321818576,,2025-12-28T22:34:59Z,2025-12-28,2461038.44097,0.45,,Vis.,SGQ,2026-05-28T07:20:35Z
AAVSO,Betelgeuse,1321813229,,2025-12-28T22:54:59Z,2025-12-28,2461038.45486,0.65,,Vis.,MPIB,2026-05-28T07:20:35Z
AAVSO,ALF ORI,1321905432,,2025-12-29T00:40:01Z,2025-12-29,2461038.5278,0.5,,Vis.,VFK,2026-05-28T07:20:35Z
AAVSO,Alf Ori,1321800824,,2025-12-29T12:12:57Z,2025-12-29,2461039.009,0.6,,Vis.,GALT,2026-05-28T07:20:35Z
AAVSO,ALF ORI,1321801792,STD,2025-12-29T19:08:49Z,2025-12-29,2461039.2978,0.631,0.011,V,VOL,2026-05-28T07:20:35Z
AAVSO,ALF ORI,1321934757,,2025-12-29T19:11:59Z,2025-12-29,2461039.3,0.6,,Vis.,SYU,2026-05-28T07:20:35Z
AAVSO,alf Ori,1321800679,,2025-12-29T20:39:59Z,2025-12-29,2461039.36111,0.6,,Vis.,SIVA,2026-05-28T07:20:35Z
AAVSO,Alf Ori,1322535519,,2025-12-29T20:52:56Z,2025-12-29,2461039.3701,0.5,,Vis.,LCR,2026-05-28T07:20:35Z
AAVSO,Betelgeuse,1321813973,,2025-12-29T21:24:59Z,2025-12-29,2461039.39236,0.65,,Vis.,MPIB,2026-05-28T07:20:35Z
AAVSO,ALF Ori,1321908500,,2025-12-29T21:35:59Z,2025-12-29,2461039.4,0.3,,Vis.,SPAO,2026-05-28T07:20:35Z
AAVSO,Alf ori,1321800807,,2025-12-30T00:00:00Z,2025-12-30,2461039.5,0.5,,Vis.,MVH,2026-05-28T07:20:35Z
AAVSO,ALF ORI,1321849756,STD,2025-12-30T04:51:01Z,2025-12-30,2461039.7021,0.617,0.002,V,KPL,2026-05-28T07:20:35Z
AAVSO,ALF ORI,1322065138,,2025-12-30T11:55:40Z,2025-12-30,2461039.997,0.7,,Vis.,ONOB,2026-05-28T07:20:35Z
AAVSO,Betelgeuse,1321813974,,2025-12-30T20:15:00Z,2025-12-30,2461040.34375,0.6,,Vis.,MPIB,2026-05-28T07:20:35Z
AAVSO,ALF ORI,1321819610,,2025-12-30T20:29:45Z,2025-12-30,2461040.354,0.4,,Vis.,MQA,2026-05-28T07:20:35Z
AAVSO,alpha ori,1321934810,,2025-12-30T20:57:59Z,2025-12-30,2461040.37361,0.5,,Vis.,REE,2026-05-28T07:20:35Z
AAVSO,ALF ORI,1321934758,,2025-12-30T21:35:59Z,2025-12-30,2461040.4,0.6,,Vis.,SYU,2026-05-28T07:20:35Z
AAVSO,Betelgeuse,1323296861,,2025-12-30T22:00:00Z,2025-12-30,2461040.41667,0.44,,Vis.,BCAD,2026-05-28T07:20:35Z
AAVSO,ALF ORI,1322304472,,2025-12-31T00:57:36Z,2025-12-31,2461040.54,0.5,,Vis.,SBEA,2026-05-28T07:20:35Z
AAVSO,alf Ori,1321847325,STD,2025-12-31T07:25:40Z,2025-12-31,2461040.8095,0.618,0.003,V,CTOA,2026-05-28T07:20:35Z
AAVSO,ALF ORI,1321863775,,2025-12-31T22:19:12Z,2025-12-31,2461041.43,0.5,,Vis.,MQA,2026-05-28T07:20:35Z
AAVSO,ALF ORI,1325510348,,2026-01-01T13:41:57Z,2026-01-01,2461042.0708,0.6,,Vis.,SRX,2026-05-28T07:20:35Z
AAVSO,ALF ORI,1322536964,STD,2026-01-02T19:13:26Z,2026-01-02,2461043.301,0.599,0.007,V,VOL,2026-05-28T07:20:35Z
AAVSO,ALF ORI,1322536965,STD,2026-01-02T19:16:10Z,2026-01-02,2461043.3029,0.601,0.008,V,VOL,2026-05-28T07:20:35Z
AAVSO,ALF ORI,1322536966,STD,2026-01-02T19:18:28Z,2026-01-02,2461043.3045,0.603,0.01,V,VOL,2026-05-28T07:20:35Z
AAVSO,ALF ORI,1324105825,,2026-01-02T20:45:36Z,2026-01-02,2461043.365,0.3,,Vis.,BHA,2026-05-28T07:20:35Z
AAVSO,ALF ORI,1323209948,,2026-01-02T23:10:01Z,2026-01-02,2461043.4653,0.6,,Vis.,AAX,2026-05-28T07:20:35Z
AAVSO,Betelgeuse,1323296862,,2026-01-02T23:24:59Z,2026-01-02,2461043.47569,0.48,,Vis.,BCAD,2026-05-28T07:20:35Z
AAVSO,alpha Ori,1322000841,,2026-01-03T10:19:12Z,2026-01-03,2461043.93,0.35,,Vis.,ERW,2026-05-28T07:20:35Z
AAVSO,ALF ORI,1323323724,,2026-01-03T11:29:45Z,2026-01-03,2461043.979,0.7,,Vis.,ONOB,2026-05-28T07:20:35Z
AAVSO,ALF ORI,1323185925,,2026-01-03T21:23:02Z,2026-01-03,2461044.391,0.5,,Vis.,VFK,2026-05-28T07:20:35Z
AAVSO,Betelgeuse,1323296863,,2026-01-03T22:30:00Z,2026-01-03,2461044.4375,0.45,,Vis.,BCAD,2026-05-28T07:20:35Z
AAVSO,ALF ORI,1321975500,,2026-01-04T02:33:00Z,2026-01-04,2461044.60625,0.4,,Vis.,CKB,2026-05-28T07:20:35Z
AAVSO,ALF Ori,1323258069,,2026-01-04T19:11:59Z,2026-01-04,2461045.3,0.4,,Vis.,SPAO,2026-05-28T07:20:35Z
AAVSO,ALF ORI,1322536967,STD,2026-01-04T19:28:33Z,2026-01-04,2461045.3115,0.6,0.004,V,VOL,2026-05-28T07:20:35Z
AAVSO,ALF ORI,1322536968,STD,2026-01-04T19:30:51Z,2026-01-04,2461045.3131,0.606,0.003,V,VOL,2026-05-28T07:20:35Z
AAVSO,Betelgeuse,1321962242,,2026-01-04T21:24:59Z,2026-01-04,2461045.39236,0.6,,Vis.,MPIB,2026-05-28T07:20:35Z
AAVSO,alf Ori,1321954937,STD,2026-01-05T00:00:00Z,2026-01-05,2461045.5,0.65,,Vis.,FADC,2026-05-28T07:20:35Z
AAVSO,ALF ORI,1325510349,,2026-01-05T13:53:02Z,2026-01-05,2461046.0785,0.6,,Vis.,SRX,2026-05-28T07:20:35Z
AAVSO,alf ori,1321977561,,2026-01-05T18:11:00Z,2026-01-05,2461046.25764,0.3,,Vis.,MVO,2026-05-28T07:20:35Z
AAVSO,alf ori,1322176927,,2026-01-05T18:25:05Z,2026-01-05,2461046.26743,0.7,,Vis.,SSAB,2026-05-28T07:20:35Z
AAVSO,ALF ORI,1324105826,,2026-01-05T18:30:14Z,2026-01-05,2461046.271,0.3,,Vis.,BHA,2026-05-28T07:20:35Z
AAVSO,Alf Ori,1322996079,,2026-01-05T20:16:56Z,2026-01-05,2461046.3451,0.5,,Vis.,LCR,2026-05-28T07:20:35Z
AAVSO,alp ori,1322305478,,2026-01-05T20:19:59Z,2026-01-05,2461046.34722,0.6,,Vis.,MOSB,2026-05-28T07:20:35Z
AAVSO,Betelgeuse,1321983505,,2026-01-05T20:44:59Z,2026-01-05,2461046.36458,0.55,,Vis.,MPIB,2026-05-28T07:20:35Z
AAVSO,ALF ORI,1323185945,,2026-01-05T21:41:02Z,2026-01-05,2461046.4035,0.6,,Vis.,VFK,2026-05-28T07:20:35Z
AAVSO,Alf Ori,1322000767,,2026-01-06T11:38:58Z,2026-01-06,2461046.9854,0.6,,Vis.,GALT,2026-05-28T07:20:35Z
AAVSO,ALF ORI,1323323725,,2026-01-06T11:45:36Z,2026-01-06,2461046.99,0.7,,Vis.,ONOB,2026-05-28T07:20:35Z
AAVSO,Betelgeuse,1322000768,,2026-01-06T20:44:59Z,2026-01-06,2461047.36458,0.55,,Vis.,MPIB,2026-05-28T07:20:35Z
AAVSO,alf Ori,1323266552,STD,2026-01-07T02:24:00Z,2026-01-07,2461047.6,0.7,,Vis.,MOW,2026-05-28T07:20:35Z
AAVSO,alf Ori,1322260147,STD,2026-01-07T08:50:00Z,2026-01-07,2461047.868056,0.69,,Vis.,TICA,2026-05-28T07:20:35Z
AAVSO,alf Ori,1322002208,STD,2026-01-07T09:33:59Z,2026-01-07,2461047.8986,0.53,,Vis.,SASC,2026-05-28T07:20:35Z
AAVSO,alf Ori,1322177360,,2026-01-07T18:15:59Z,2026-01-07,2461048.26111,0.55,,Vis.,SGQ,2026-05-28T07:20:35Z
AAVSO,alf ori,1322065222,,2026-01-07T20:10:00Z,2026-01-07,2461048.34028,0.5,,Vis.,MFB,2026-05-28T07:20:35Z
AAVSO,ALF ORI,1324105827,,2026-01-07T20:29:45Z,2026-01-07,2461048.354,0.3,,Vis.,BHA,2026-05-28T07:20:35Z
AAVSO,ALF ORI,1323186060,,2026-01-07T21:37:00Z,2026-01-07,2461048.4007,0.5,,Vis.,VFK,2026-05-28T07:20:35Z
AAVSO,Alf Ori,1322246931,,2026-01-07T22:34:00Z,2026-01-07,2461048.44028,0.56,,Vis.,SBN,2026-05-28T07:20:35Z
AAVSO,ALF ORI,1323209949,,2026-01-07T23:20:58Z,2026-01-07,2461048.4729,0.6,,Vis.,AAX,2026-05-28T07:20:35Z
AAVSO,ALF ORI,1322536969,STD,2026-01-08T00:37:26Z,2026-01-08,2461048.526,0.606,0.012,V,VOL,2026-05-28T07:20:35Z
AAVSO,ALF ORI,1322536970,STD,2026-01-08T00:40:01Z,2026-01-08,2461048.5278,0.62,0.01,V,VOL,2026-05-28T07:20:35Z
AAVSO,alf Ori,1324525377,STD,2026-01-08T03:00:00Z,2026-01-08,2461048.625,0.6,,Vis.,SNE,2026-05-28T07:20:35Z
AAVSO,ALF ORI,1324048535,,2026-01-08T03:18:00Z,2026-01-08,2461048.6375,0.4,,Vis.,BGZ,2026-05-28T07:20:35Z
AAVSO,ALF Ori,1323258070,,2026-01-08T19:11:59Z,2026-01-08,2461049.3,0.4,,Vis.,SPAO,2026-05-28T07:20:35Z
AAVSO,ALF ORI,1323186115,,2026-01-08T20:16:56Z,2026-01-08,2461049.3451,0.4,,Vis.,VFK,2026-05-28T07:20:35Z
AAVSO,ALF ORI,1324105828,,2026-01-08T20:29:45Z,2026-01-08,2461049.354,0.3,,Vis.,BHA,2026-05-28T07:20:35Z
AAVSO,ALF ORI,1323209950,,2026-01-08T23:44:00Z,2026-01-08,2461049.4889,0.6,,Vis.,AAX,2026-05-28T07:20:35Z
AAVSO,alf Ori,1322286332,STD,2026-01-09T01:50:00Z,2026-01-09,2461049.576389,0.55,,Vis.,AWBA,2026-05-28T07:20:35Z
AAVSO,Betelgeuse,1322286059,,2026-01-09T21:00:00Z,2026-01-09,2461050.375,0.45,,Vis.,MPIB,2026-05-28T07:20:35Z
AAVSO,ALF ORI,1325510350,,2026-01-10T12:42:02Z,2026-01-10,2461051.0292,0.6,,Vis.,SRX,2026-05-28T07:20:35Z
AAVSO,alf Ori,1322299065,STD,2026-01-10T17:34:56Z,2026-01-10,2461051.2326,0.5,,Vis.,DPV,2026-05-28T07:20:35Z
AAVSO,ALF ORI,1323925681,,2026-01-10T19:11:59Z,2026-01-10,2461051.3,0.65,,Vis.,SYU,2026-05-28T07:20:35Z
AAVSO,ALF ORI,1323937186,,2026-01-10T19:30:00Z,2026-01-10,2461051.3125,0.5,,Vis.,KBJB,2026-05-28T07:20:35Z
AAVSO,Alf Ori,1323143629,,2026-01-10T19:51:01Z,2026-01-10,2461051.3271,0.5,,Vis.,LCR,2026-05-28T07:20:35Z
AAVSO,Alf Ori,1323143639,,2026-01-10T20:48:02Z,2026-01-10,2461051.3667,0.5,,Vis.,LCR,2026-05-28T07:20:35Z
AAVSO,ALF ORI,1323296992,,2026-01-10T21:07:11Z,2026-01-10,2461051.38,0.5,,Vis.,SBEA,2026-05-28T07:20:35Z
AAVSO,ALF ORI,1322437091,,2026-01-10T21:20:00Z,2026-01-10,2461051.3889,0.6,,Vis.,PYG,2026-05-28T07:20:35Z
AAVSO,alf Ori,1322301914,,2026-01-11T00:11:00Z,2026-01-11,2461051.50764,0.5,,Vis.,SGQ,2026-05-28T07:20:35Z
AAVSO,ALF ORI,1323201652,,2026-01-11T03:21:36Z,2026-01-11,2461051.64,0.7,,Vis.,JLZ,2026-05-28T07:20:35Z
AAVSO,000-BBK-383,1322303278,,2026-01-11T04:54:59Z,2026-01-11,2461051.70486,0.5,,Vis.,WALG,2026-05-28T07:20:35Z
AAVSO,ALF ORI,1324105829,,2026-01-11T19:04:47Z,2026-01-11,2461052.295,0.4,,Vis.,BHA,2026-05-28T07:20:35Z
AAVSO,ALF ORI,1323925682,,2026-01-11T19:11:59Z,2026-01-11,2461052.3,0.6,,Vis.,SYU,2026-05-28T07:20:35Z
AAVSO,ALF ORI,1323186129,,2026-01-11T19:15:01Z,2026-01-11,2461052.3021,0.4,,Vis.,VFK,2026-05-28T07:20:35Z
AAVSO,Betelgeuse,1322312117,,2026-01-11T19:34:59Z,2026-01-11,2461052.31597,0.45,,Vis.,MPIB,2026-05-28T07:20:35Z
AAVSO,ALF ORI,1322353864,,2026-01-11T20:29:45Z,2026-01-11,2461052.354,0.6,,Vis.,MQA,2026-05-28T07:20:35Z
AAVSO,alf ori,1322436102,STD,2026-01-11T20:48:02Z,2026-01-11,2461052.3667,0.53,0.007,V,CTIA,2026-05-28T07:20:35Z
AAVSO,ALF ORI,1322536971,STD,2026-01-11T21:03:35Z,2026-01-11,2461052.3775,0.61,0.004,V,VOL,2026-05-28T07:20:35Z
AAVSO,alf Ori,1322393338,STD,2026-01-12T02:48:00Z,2026-01-12,2461052.616667,0.5,,Vis.,AWBA,2026-05-28T07:20:35Z
AAVSO,alf Ori,1322364602,STD,2026-01-12T04:54:02Z,2026-01-12,2461052.7042,0.584,0.011,V,CTOA,2026-05-28T07:20:35Z
AAVSO,ALF ORI,1323323726,,2026-01-12T11:26:52Z,2026-01-12,2461052.977,0.7,,Vis.,ONOB,2026-05-28T07:20:35Z
AAVSO,ALF ORI,1325510351,,2026-01-12T12:26:03Z,2026-01-12,2461053.0181,0.6,,Vis.,SRX,2026-05-28T07:20:35Z
AAVSO,alf Ori,1322393364,STD,2026-01-12T17:39:59Z,2026-01-12,2461053.2361,0.9,0.01,Vis.,AVAD,2026-05-28T07:20:35Z
AAVSO,Alpha Ori,1322368636,,2026-01-12T20:46:59Z,2026-01-12,2461053.36597,0.4,,Vis.,PARC,2026-05-28T07:20:35Z
AAVSO,ALF ORI,1322403872,,2026-01-12T22:49:26Z,2026-01-12,2461053.451,0.5,,Vis.,MQA,2026-05-28T07:20:35Z
AAVSO,000-BBK-383,1322393121,,2026-01-13T01:39:56Z,2026-01-13,2461053.5694,0.5,,Vis.,WALG,2026-05-28T07:20:35Z
AAVSO,ALF ORI,1325510352,,2026-01-13T13:34:01Z,2026-01-13,2461054.0653,0.6,,Vis.,SRX,2026-05-28T07:20:35Z
AAVSO,ALF ORI,1322496239,,2026-01-13T23:09:35Z,2026-01-13,2461054.465,0.5,,Vis.,MQA,2026-05-28T07:20:35Z
AAVSO,ALF ORI,1322533212,,2026-01-14T05:23:00Z,2026-01-14,2461054.72431,0.7,,Vis.,SSHA,2026-05-28T07:20:35Z
AAVSO,alf Ori,1323942636,,2026-01-14T17:39:59Z,2026-01-14,2461055.23611,1.02,,Vis.,SIVB,2026-05-28T07:20:35Z
AAVSO,ALF ORI,1323925683,,2026-01-14T19:11:59Z,2026-01-14,2461055.3,0.65,,Vis.,SYU,2026-05-28T07:20:35Z
AAVSO,alf Ori,1323942637,,2026-01-14T20:10:00Z,2026-01-14,2461055.34028,0.69,,Vis.,SIVB,2026-05-28T07:20:35Z
AAVSO,Alpha Ori,1322500860,,2026-01-15T02:44:00Z,2026-01-15,2461055.61389,0.7,,Vis.,CLQ,2026-05-28T07:20:35Z
AAVSO,alf Ori,1322503153,STD,2026-01-15T03:15:00Z,2026-01-15,2461055.635417,0.8,,Vis.,DCHF,2026-05-28T07:20:35Z
AAVSO,ALF ORI,1322537058,,2026-01-15T03:24:59Z,2026-01-15,2461055.64236,0.4,,Vis.,CKB,2026-05-28T07:20:35Z
AAVSO,ALF ORI,1322526224,STD,2026-01-15T03:50:58Z,2026-01-15,2461055.6604,0.602,0.004,V,KPL,2026-05-28T07:20:35Z
AAVSO,alf Ori,1322538384,STD,2026-01-15T07:09:59Z,2026-01-15,2461055.7986,0.56,,Vis.,SASC,2026-05-28T07:20:35Z
AAVSO,alf Ori,1323942638,,2026-01-15T19:20:00Z,2026-01-15,2461056.30556,1.0,,Vis.,SIVB,2026-05-28T07:20:35Z
AAVSO,ALF ORI,1324105830,,2026-01-15T20:09:35Z,2026-01-15,2461056.34,0.3,,Vis.,BHA,2026-05-28T07:20:35Z
AAVSO,ALF ORI,1323186165,,2026-01-15T20:45:01Z,2026-01-15,2461056.3646,0.5,,Vis.,VFK,2026-05-28T07:20:35Z
AAVSO,alf Ori,1323266553,STD,2026-01-16T02:24:00Z,2026-01-16,2461056.6,0.7,,Vis.,MOW,2026-05-28T07:20:35Z
AAVSO,alf Ori,1322526303,STD,2026-01-16T04:46:07Z,2026-01-16,2461056.6987,0.597,0.002,V,CTOA,2026-05-28T07:20:35Z
AAVSO,ALF ORI,1323323727,,2026-01-16T11:48:28Z,2026-01-16,2461056.992,0.7,,Vis.,ONOB,2026-05-28T07:20:35Z
AAVSO,ALF ORI,1323186172,,2026-01-16T16:57:04Z,2026-01-16,2461057.2063,0.4,,Vis.,VFK,2026-05-28T07:20:35Z
AAVSO,alf Ori,1323942639,,2026-01-16T16:59:59Z,2026-01-16,2461057.20833,0.65,,Vis.,SIVB,2026-05-28T07:20:35Z
AAVSO,Alf Ori,1323198661,,2026-01-16T18:56:00Z,2026-01-16,2461057.2889,0.5,,Vis.,LCR,2026-05-28T07:20:35Z
AAVSO,ALF ORI,1324105831,,2026-01-16T19:00:28Z,2026-01-16,2461057.292,0.4,,Vis.,BHA,2026-05-28T07:20:35Z
AAVSO,alf Ori,1323138598,,2026-01-16T19:57:59Z,2026-01-16,2461057.33194,0.7,,Vis.,BMIE,2026-05-28T07:20:35Z
AAVSO,alpha ori,1322542984,,2026-01-16T20:32:00Z,2026-01-16,2461057.35556,0.5,,Vis.,REE,2026-05-28T07:20:35Z
AAVSO,ALF ORI,1323925684,,2026-01-16T21:35:59Z,2026-01-16,2461057.4,0.7,,Vis.,SYU,2026-05-28T07:20:35Z
AAVSO,alf Ori,1322528457,STD,2026-01-17T02:55:00Z,2026-01-17,2461057.621528,0.5,,Vis.,AWBA,2026-05-28T07:20:35Z
AAVSO,ALF ORI,1322536972,STD,2026-01-17T19:54:11Z,2026-01-17,2461058.3293,0.621,0.007,V,VOL,2026-05-28T07:20:35Z
AAVSO,ALF ORI,1322536973,STD,2026-01-17T19:56:29Z,2026-01-17,2461058.3309,0.604,0.003,V,VOL,2026-05-28T07:20:35Z
AAVSO,Alf Ori,1322536609,,2026-01-17T19:59:59Z,2026-01-17,2461058.33333,0.6,,Vis.,MVH,2026-05-28T07:20:35Z
AAVSO,ALF ORI,1324105832,,2026-01-17T20:45:36Z,2026-01-17,2461058.365,0.5,,Vis.,BHA,2026-05-28T07:20:35Z
AAVSO,alf Ori,1322545187,,2026-01-17T21:18:00Z,2026-01-17,2461058.3875,0.5,,Vis.,SGQ,2026-05-28T07:20:35Z
AAVSO,ALF ORI,1323186231,,2026-01-17T22:11:59Z,2026-01-17,2461058.425,0.4,,Vis.,VFK,2026-05-28T07:20:35Z
AAVSO,ALF ORI,1322554882,STD,2026-01-18T04:05:57Z,2026-01-18,2461058.6708,0.583,0.002,V,KPL,2026-05-28T07:20:35Z
AAVSO,alpha Ori,1322546171,,2026-01-18T10:19:12Z,2026-01-18,2461058.93,0.36,,Vis.,ERW,2026-05-28T07:20:35Z
AAVSO,ALF ORI,1325510353,,2026-01-18T12:09:56Z,2026-01-18,2461059.0069,0.6,,Vis.,SRX,2026-05-28T07:20:35Z
AAVSO,alf Ori,1322542995,STD,2026-01-18T17:03:59Z,2026-01-18,2461059.211111,0.5,,Vis.,SPBA,2026-05-28T07:20:35Z
AAVSO,ALF ORI,1324730606,STD,2026-01-18T18:10:13Z,2026-01-18,2461059.2571,0.593,0.011,V,VOL,2026-05-28T07:20:35Z
AAVSO,Betelgeuse,1322543011,,2026-01-18T18:20:59Z,2026-01-18,2461059.26458,0.7,,Vis.,DMIB,2026-05-28T07:20:35Z
AAVSO,Alpha Ori,1323156170,,2026-01-18T18:51:59Z,2026-01-18,2461059.28611,0.6,,Vis.,CSZ,2026-05-28T07:20:35Z
AAVSO,ALF ORI,1325777923,,2026-01-18T19:06:14Z,2026-01-18,2461059.296,0.8,,Vis.,SRBR,2026-05-28T07:20:35Z
AAVSO,ALF ORI,1323925685,,2026-01-18T19:11:59Z,2026-01-18,2461059.3,0.7,,Vis.,SYU,2026-05-28T07:20:35Z
AAVSO,alpha Ori,1322543137,,2026-01-18T19:27:00Z,2026-01-18,2461059.31042,0.3,,Vis.,PARC,2026-05-28T07:20:35Z
AAVSO,ALF ORI,1323201653,,2026-01-18T19:40:47Z,2026-01-18,2461059.32,0.6,,Vis.,JLZ,2026-05-28T07:20:35Z
AAVSO,Betelgeuse,1322826200,,2026-01-18T19:59:59Z,2026-01-18,2461059.33333,0.4,,Vis.,MPIB,2026-05-28T07:20:35Z
AAVSO,Alf Ori,1325568194,,2026-01-18T20:12:00Z,2026-01-18,2461059.34167,0.6,,Vis.,CLAC,2026-05-28T07:20:35Z
AAVSO,alf Ori,1322551332,STD,2026-01-18T20:30:02Z,2026-01-18,2461059.3542,0.53,,Vis.,DPV,2026-05-28T07:20:35Z
AAVSO,ALF ORI,1324105833,,2026-01-18T20:45:36Z,2026-01-18,2461059.365,0.4,,Vis.,BHA,2026-05-28T07:20:35Z
AAVSO,Alf ori,1322694115,,2026-01-18T21:04:19Z,2026-01-18,2461059.378,0.4,,Vis.,WBOA,2026-05-28T07:20:35Z
AAVSO,alp ori,1322549925,,2026-01-18T21:35:00Z,2026-01-18,2461059.39931,0.6,,Vis.,MOSB,2026-05-28T07:20:35Z
AAVSO,ALF ORI,1323296993,,2026-01-18T21:50:24Z,2026-01-18,2461059.41,0.5,,Vis.,SBEA,2026-05-28T07:20:35Z
AAVSO,ALF ORI,1322554469,,2026-01-19T02:28:00Z,2026-01-19,2461059.60278,0.4,,Vis.,CKB,2026-05-28T07:20:35Z
AAVSO,ALF ORI,1322638592,,2026-01-19T16:39:21Z,2026-01-19,2461060.194,0.5,,Vis.,MQA,2026-05-28T07:20:35Z
AAVSO,ALF ORI,1324730607,STD,2026-01-19T17:31:03Z,2026-01-19,2461060.2299,0.571,0.018,V,VOL,2026-05-28T07:20:35Z
AAVSO,ALF ORI,1323161704,,2026-01-19T17:45:36Z,2026-01-19,2461060.24,0.4,,Vis.,KSZ,2026-05-28T07:20:35Z
AAVSO,ALF ORI,1324105834,,2026-01-19T19:10:33Z,2026-01-19,2461060.299,0.4,,Vis.,BHA,2026-05-28T07:20:35Z
AAVSO,ALF ORI,1323925686,,2026-01-19T19:11:59Z,2026-01-19,2461060.3,0.7,,Vis.,SYU,2026-05-28T07:20:35Z
AAVSO,Alf Ori,1322648033,,2026-01-19T20:30:00Z,2026-01-19,2461060.35417,0.35,,Vis.,MPTA,2026-05-28T07:20:35Z
AAVSO,Alf Ori,1322648034,,2026-01-19T20:35:00Z,2026-01-19,2461060.35764,0.45,,Vis.,MPTA,2026-05-28T07:20:35Z
AAVSO,Alf ori,1322694116,,2026-01-19T21:04:19Z,2026-01-19,2461060.378,0.5,,Vis.,WBOA,2026-05-28T07:20:35Z
AAVSO,ALF ORI,1323186273,,2026-01-19T21:18:00Z,2026-01-19,2461060.3875,0.4,,Vis.,VFK,2026-05-28T07:20:35Z
AAVSO,Betelgeuse,1322826201,,2026-01-19T21:29:59Z,2026-01-19,2461060.39583,0.45,,Vis.,MPIB,2026-05-28T07:20:35Z
AAVSO,ALF Ori,1323258071,,2026-01-19T21:35:59Z,2026-01-19,2461060.4,0.3,,Vis.,SPAO,2026-05-28T07:20:35Z
AAVSO,ALF ORI,1322554756,,2026-01-20T00:29:57Z,2026-01-20,2461060.5208,0.5,,Vis.,CFL,2026-05-28T07:20:35Z
AAVSO,ALF ORI,1322693774,,2026-01-20T17:09:35Z,2026-01-20,2461061.215,0.5,,Vis.,MQA,2026-05-28T07:20:35Z
AAVSO,alf Ori,1323942640,,2026-01-20T17:39:59Z,2026-01-20,2461061.23611,1.0,,Vis.,SIVB,2026-05-28T07:20:35Z
AAVSO,alf Ori,1323150293,STD,2026-01-20T18:00:00Z,2026-01-20,2461061.25,0.62,,Vis.,DPV,2026-05-28T07:20:35Z
AAVSO,ALF ORI,1323186307,,2026-01-20T18:40:01Z,2026-01-20,2461061.2778,0.4,,Vis.,VFK,2026-05-28T07:20:35Z
AAVSO,Alpha Ori,1322763782,,2026-01-20T19:32:59Z,2026-01-20,2461061.31458,0.45,,Vis.,PARC,2026-05-28T07:20:35Z
AAVSO,ALF ORI,1324105835,,2026-01-20T19:59:31Z,2026-01-20,2461061.333,0.4,,Vis.,BHA,2026-05-28T07:20:35Z
AAVSO,alf ori,1323248941,,2026-01-20T21:04:19Z,2026-01-20,2461061.378,0.5,,Vis.,WBOA,2026-05-28T07:20:35Z
AAVSO,Betelgeuse,1322826202,,2026-01-20T21:20:00Z,2026-01-20,2461061.38889,0.35,,Vis.,MPIB,2026-05-28T07:20:35Z
AAVSO,ALF ORI,1323925687,,2026-01-20T21:35:59Z,2026-01-20,2461061.4,0.7,,Vis.,SYU,2026-05-28T07:20:35Z
AAVSO,ALF ORI,1323041544,STD,2026-01-20T22:01:05Z,2026-01-20,2461061.41742,0.591,0.021,V,NOT,2026-05-28T07:20:35Z
AAVSO,ALF ORI,1323296994,,2026-01-20T22:04:47Z,2026-01-20,2461061.42,0.5,,Vis.,SBEA,2026-05-28T07:20:35Z
AAVSO,ALF ORI,1323209951,,2026-01-20T22:59:57Z,2026-01-20,2461061.4583,0.6,,Vis.,AAX,2026-05-28T07:20:35Z
AAVSO,000-BBK-383,1322769334,,2026-01-21T02:49:55Z,2026-01-21,2461061.618,0.4,,Vis.,WALG,2026-05-28T07:20:35Z
AAVSO,Alf Ori,1322829946,,2026-01-21T12:53:42Z,2026-01-21,2461062.0373,0.6,,Vis.,GALT,2026-05-28T07:20:35Z
AAVSO,alf ori,1322771938,,2026-01-21T13:14:59Z,2026-01-21,2461062.05208,0.6,,Vis.,SANG,2026-05-28T07:20:35Z
AAVSO,ALF ORI,1322853752,,2026-01-21T17:39:50Z,2026-01-21,2461062.236,0.4,,Vis.,MQA,2026-05-28T07:20:35Z
AAVSO,ALF ORI,1323186371,,2026-01-21T17:41:59Z,2026-01-21,2461062.2375,0.4,,Vis.,VFK,2026-05-28T07:20:35Z
AAVSO,Betelgeuse,1323296864,,2026-01-21T18:04:59Z,2026-01-21,2461062.25347,0.46,,Vis.,BCAD,2026-05-28T07:20:35Z
AAVSO,ALF ORI,1323925688,,2026-01-21T19:11:59Z,2026-01-21,2461062.3,0.7,,Vis.,SYU,2026-05-28T07:20:35Z
AAVSO,Betelgeuse,1322826496,,2026-01-21T19:59:59Z,2026-01-21,2461062.33333,0.35,,Vis.,MPIB,2026-05-28T07:20:35Z
AAVSO,ALF ORI,1324105836,,2026-01-21T20:15:21Z,2026-01-21,2461062.344,0.4,,Vis.,BHA,2026-05-28T07:20:35Z
AAVSO,alf ori,1323248942,,2026-01-21T21:04:19Z,2026-01-21,2461062.378,0.5,,Vis.,WBOA,2026-05-28T07:20:35Z
AAVSO,ALF ORI,1325510354,,2026-01-22T12:21:01Z,2026-01-22,2461063.0146,0.6,,Vis.,SRX,2026-05-28T07:20:35Z
AAVSO,Alf Ori,1323011716,,2026-01-22T12:40:01Z,2026-01-22,2461063.0278,0.6,,Vis.,GALT,2026-05-28T07:20:35Z
AAVSO,ALF ORI,1323186413,,2026-01-22T17:32:03Z,2026-01-22,2461063.2306,0.4,,Vis.,VFK,2026-05-28T07:20:35Z
AAVSO,Alf Ori,1323253089,,2026-01-22T19:03:04Z,2026-01-22,2461063.2938,0.5,,Vis.,LCR,2026-05-28T07:20:35Z
AAVSO,Betelgeuse,1322996553,,2026-01-22T19:30:00Z,2026-01-22,2461063.3125,0.4,,Vis.,MPIB,2026-05-28T07:20:35Z
AAVSO,ALF ORI,1324105837,,2026-01-22T20:39:50Z,2026-01-22,2461063.361,0.5,,Vis.,BHA,2026-05-28T07:20:35Z
AAVSO,alf Ori,1323147546,,2026-01-22T21:09:59Z,2026-01-22,2461063.38194,0.5,,Vis.,SGQ,2026-05-28T07:20:35Z
AAVSO,Alf Ori,1325568195,,2026-01-22T22:01:29Z,2026-01-22,2461063.4177,0.6,,Vis.,CLAC,2026-05-28T07:20:35Z
AAVSO,Alf Ori,1323135694,,2026-01-23T10:42:57Z,2026-01-23,2461063.9465,0.6,,Vis.,GALT,2026-05-28T07:20:35Z
AAVSO,ALF ORI,1325510355,,2026-01-23T12:26:03Z,2026-01-23,2461064.0181,0.6,,Vis.,SRX,2026-05-28T07:20:35Z
AAVSO,alf Ori,1323112293,STD,2026-01-23T19:54:02Z,2026-01-23,2461064.3292,0.5,,Vis.,AVAD,2026-05-28T07:20:35Z
AAVSO,ALF ORI,1324105838,,2026-01-23T20:39:50Z,2026-01-23,2461064.361,0.4,,Vis.,BHA,2026-05-28T07:20:35Z
AAVSO,ALF ORI,1323186437,,2026-01-23T22:10:59Z,2026-01-23,2461064.4243,0.4,,Vis.,VFK,2026-05-28T07:20:35Z
AAVSO,ALF ORI,1323114834,,2026-01-24T00:19:00Z,2026-01-24,2461064.5132,0.6,,Vis.,CFL,2026-05-28T07:20:35Z
AAVSO,ALF ORI,1323323728,,2026-01-24T11:35:31Z,2026-01-24,2461064.983,0.6,,Vis.,ONOB,2026-05-28T07:20:35Z
AAVSO,ALF ORI,1325510356,,2026-01-24T11:44:00Z,2026-01-24,2461064.9889,0.6,,Vis.,SRX,2026-05-28T07:20:35Z
AAVSO,ALF ORI,1323186459,,2026-01-24T19:55:03Z,2026-01-24,2461065.3299,0.4,,Vis.,VFK,2026-05-28T07:20:35Z
AAVSO,ALF ORI,1324730608,STD,2026-01-24T19:58:30Z,2026-01-24,2461065.3323,0.561,0.005,V,VOL,2026-05-28T07:20:35Z
AAVSO,ALF ORI,1324730609,STD,2026-01-24T20:01:14Z,2026-01-24,2461065.3342,0.572,0.006,V,VOL,2026-05-28T07:20:35Z
AAVSO,alf Ori,1323137300,STD,2026-01-25T00:49:59Z,2026-01-25,2461065.534722,0.8,,Vis.,RVLA,2026-05-28T07:20:35Z
AAVSO,alf Ori,1323137302,STD,2026-01-25T07:15:44Z,2026-01-25,2461065.8026,0.568,0.008,V,CTOA,2026-05-28T07:20:35Z
AAVSO,alf ori,1323136834,,2026-01-25T11:44:59Z,2026-01-25,2461065.98958,0.6,,Vis.,SANG,2026-05-28T07:20:35Z
AAVSO,alf Ori,1323942642,,2026-01-25T17:50:00Z,2026-01-25,2461066.24306,0.7,,Vis.,SIVB,2026-05-28T07:20:35Z
AAVSO,alp ori,1323155178,,2026-01-25T21:15:00Z,2026-01-25,2461066.38542,0.6,,Vis.,MOSB,2026-05-28T07:20:35Z
AAVSO,ALF ORI,1323209952,,2026-01-25T23:10:01Z,2026-01-25,2461066.4653,0.7,,Vis.,AAX,2026-05-28T07:20:35Z
AAVSO,ALF ORI,1325510357,,2026-01-26T13:48:00Z,2026-01-26,2461067.075,0.6,,Vis.,SRX,2026-05-28T07:20:35Z
AAVSO,ALF ORI,1323154287,,2026-01-26T17:39:50Z,2026-01-26,2461067.236,0.5,,Vis.,MQA,2026-05-28T07:20:35Z
AAVSO,ALF ORI,1323201654,,2026-01-26T18:57:36Z,2026-01-26,2461067.29,0.6,,Vis.,JLZ,2026-05-28T07:20:35Z
AAVSO,ALF Ori,1323258072,,2026-01-26T19:11:59Z,2026-01-26,2461067.3,0.3,,Vis.,SPAO,2026-05-28T07:20:35Z
AAVSO,alf Ori,1323147544,,2026-01-26T22:09:59Z,2026-01-26,2461067.42361,0.55,,Vis.,SGQ,2026-05-28T07:20:35Z
AAVSO,ALF ORI,1324730610,STD,2026-01-26T22:25:32Z,2026-01-26,2461067.4344,0.557,0.016,V,VOL,2026-05-28T07:20:35Z
AAVSO,ALF ORI,1323209953,,2026-01-26T23:19:58Z,2026-01-26,2461067.4722,0.6,,Vis.,AAX,2026-05-28T07:20:35Z
AAVSO,alf Ori,1323266554,STD,2026-01-27T00:00:00Z,2026-01-27,2461067.5,0.7,,Vis.,MOW,2026-05-28T07:20:35Z
AAVSO,ALF ORI,1323152389,,2026-01-27T01:54:00Z,2026-01-27,2461067.57917,0.4,,Vis.,CKB,2026-05-28T07:20:35Z
AAVSO,ALF ORI,1323197073,,2026-01-27T01:59:59Z,2026-01-27,2461067.58333,0.3,,Vis.,MEMC,2026-05-28T07:20:35Z
AAVSO,ALF ORI,1323149659,,2026-01-27T02:50:59Z,2026-01-27,2461067.61875,0.7,,Vis.,SSHA,2026-05-28T07:20:35Z
AAVSO,alpha Ori,1323159780,,2026-01-27T10:19:12Z,2026-01-27,2461067.93,0.44,,Vis.,ERW,2026-05-28T07:20:35Z
AAVSO,Alpha Ori,1323156172,,2026-01-27T17:44:00Z,2026-01-27,2461068.23889,0.5,,Vis.,CSZ,2026-05-28T07:20:35Z
AAVSO,Alf Ori,1323626283,,2026-01-27T19:22:56Z,2026-01-27,2461068.3076,0.5,,Vis.,LCR,2026-05-28T07:20:35Z
AAVSO,ALF ORI,1323209954,,2026-01-27T23:19:58Z,2026-01-27,2461068.4722,0.6,,Vis.,AAX,2026-05-28T07:20:35Z
AAVSO,ALF ORI,1323323729,,2026-01-28T12:31:40Z,2026-01-28,2461069.022,0.6,,Vis.,ONOB,2026-05-28T07:20:35Z
AAVSO,ALF ORI,1323186929,,2026-01-28T17:29:45Z,2026-01-28,2461069.229,0.5,,Vis.,MQA,2026-05-28T07:20:35Z
AAVSO,Betelgeuse,1323296866,,2026-01-28T18:54:59Z,2026-01-28,2461069.28819,0.5,,Vis.,BCAD,2026-05-28T07:20:35Z
AAVSO,ALF ORI,1323197074,,2026-01-28T22:00:00Z,2026-01-28,2461069.41667,0.6,,Vis.,MEMC,2026-05-28T07:20:35Z
AAVSO,000-BBK-383,1323159753,,2026-01-29T01:19:55Z,2026-01-29,2461069.5555,0.4,,Vis.,WALG,2026-05-28T07:20:35Z
AAVSO,alf Ori,1323161609,STD,2026-01-29T06:00:00Z,2026-01-29,2461069.75,0.57,,Vis.,SASC,2026-05-28T07:20:35Z
AAVSO,ALF Ori,1323258073,,2026-01-29T19:11:59Z,2026-01-29,2461070.3,0.3,,Vis.,SPAO,2026-05-28T07:20:35Z
AAVSO,alf ori,1323163700,,2026-01-30T11:17:00Z,2026-01-30,2461070.97014,0.6,,Vis.,SANG,2026-05-28T07:20:35Z
AAVSO,alf Ori,1323942644,,2026-01-30T19:00:00Z,2026-01-30,2461071.29167,0.6,,Vis.,SIVB,2026-05-28T07:20:35Z
AAVSO,ALF ORI,1323185413,,2026-01-31T02:01:00Z,2026-01-31,2461071.58403,0.7,,Vis.,SSHA,2026-05-28T07:20:35Z
AAVSO,ALF ORI,1323197075,,2026-01-31T02:10:00Z,2026-01-31,2461071.59028,0.4,,Vis.,MEMC,2026-05-28T07:20:35Z
AAVSO,Betelgeuse,1323180192,,2026-01-31T19:14:59Z,2026-01-31,2461072.30208,0.4,,Vis.,MPIB,2026-05-28T07:20:35Z
AAVSO,ALF ORI,1323193240,,2026-02-01T01:25:00Z,2026-02-01,2461072.55903,0.4,,Vis.,CKB,2026-05-28T07:20:35Z
AAVSO,ALF ORI,1323197076,,2026-02-01T02:30:00Z,2026-02-01,2461072.60417,0.3,,Vis.,MEMC,2026-05-28T07:20:35Z
AAVSO,000-BBK-383,1323194349,,2026-02-01T02:44:52Z,2026-02-01,2461072.6145,0.6,,Vis.,WALG,2026-05-28T07:20:35Z
AAVSO,ALF ORI,1324490860,,2026-02-01T16:48:00Z,2026-02-01,2461073.2,0.6,,Vis.,SYU,2026-05-28T07:20:35Z
AAVSO,ALF ORI,1323187047,,2026-02-01T18:00:00Z,2026-02-01,2461073.25,0.4,,Vis.,MQA,2026-05-28T07:20:35Z
AAVSO,Alf Ori,1323968593,,2026-02-01T18:23:02Z,2026-02-01,2461073.266,0.5,,Vis.,LCR,2026-05-28T07:20:35Z
AAVSO,ALF Ori,1324106509,,2026-02-01T19:11:59Z,2026-02-01,2461073.3,0.3,,Vis.,SPAO,2026-05-28T07:20:35Z
AAVSO,alp ori,1323196900,,2026-02-01T20:10:00Z,2026-02-01,2461073.34028,0.6,,Vis.,MOSB,2026-05-28T07:20:35Z
AAVSO,Betelgeuse,1323191637,,2026-02-01T20:44:59Z,2026-02-01,2461073.36458,0.4,,Vis.,MPIB,2026-05-28T07:20:35Z
AAVSO,alpha Ori,1323958092,,2026-02-02T02:06:43Z,2026-02-02,2461073.588,0.5,,Vis.,SEDB,2026-05-28T07:20:35Z
AAVSO,Alf Ori,1323211212,,2026-02-02T10:33:01Z,2026-02-02,2461073.9396,0.6,,Vis.,GALT,2026-05-28T07:20:35Z
AAVSO,alf Ori,1323207104,STD,2026-02-02T20:21:59Z,2026-02-02,2461074.3486,0.6,,Vis.,AVAD,2026-05-28T07:20:35Z
AAVSO,Betelgeuse,1323209747,,2026-02-02T21:24:59Z,2026-02-02,2461074.39236,0.35,,Vis.,MPIB,2026-05-28T07:20:35Z
AAVSO,alf Ori,1323294307,,2026-02-02T21:24:59Z,2026-02-02,2461074.39236,0.35,,Vis.,SGQ,2026-05-28T07:20:35Z
AAVSO,ALF ORI,1323227310,,2026-02-03T15:59:02Z,2026-02-03,2461075.166,0.5,,Vis.,MQA,2026-05-28T07:20:35Z
AAVSO,ALF ORI,1324490861,,2026-02-03T16:48:00Z,2026-02-03,2461075.2,0.65,,Vis.,SYU,2026-05-28T07:20:35Z
AAVSO,alf Ori,1323942646,,2026-02-03T16:59:00Z,2026-02-03,2461075.20764,0.54,,Vis.,SIVB,2026-05-28T07:20:35Z
AAVSO,Betelgeuse,1323235049,,2026-02-03T17:30:00Z,2026-02-03,2461075.22917,0.4,,Vis.,MPIB,2026-05-28T07:20:35Z
AAVSO,ALF ORI,1323937187,,2026-02-03T18:45:04Z,2026-02-03,2461075.2813,0.5,,Vis.,KBJB,2026-05-28T07:20:35Z
AAVSO,alp ori,1323277351,,2026-02-03T19:45:00Z,2026-02-03,2461075.32292,0.5,,Vis.,MOSB,2026-05-28T07:20:35Z
AAVSO,000-BBK-383,1323248517,,2026-02-04T01:53:45Z,2026-02-04,2461075.579,0.5,,Vis.,WALG,2026-05-28T07:20:35Z
AAVSO,alf Ori,1323258028,STD,2026-02-04T12:25:03Z,2026-02-04,2461076.0174,0.6,,Vis.,SRX,2026-05-28T07:20:35Z
AAVSO,alf ori,1323250674,,2026-02-04T12:31:00Z,2026-02-04,2461076.02153,0.7,,Vis.,SANG,2026-05-28T07:20:35Z
AAVSO,ALF ORI,1323253097,,2026-02-04T15:48:57Z,2026-02-04,2461076.159,0.5,,Vis.,MQA,2026-05-28T07:20:35Z
AAVSO,alp ori,1323277399,,2026-02-04T19:30:00Z,2026-02-04,2461076.3125,0.6,,Vis.,MOSB,2026-05-28T07:20:35Z
AAVSO,alp ori,1323277481,,2026-02-04T19:59:59Z,2026-02-04,2461076.33333,0.5,,Vis.,MOSB,2026-05-28T07:20:35Z
AAVSO,alf Ori,1323294306,,2026-02-04T21:06:00Z,2026-02-04,2461076.37917,0.3,,Vis.,SGQ,2026-05-28T07:20:35Z
AAVSO,ALF ORI,1324526551,,2026-02-04T23:01:58Z,2026-02-04,2461076.4597,0.7,,Vis.,AAX,2026-05-28T07:20:35Z
AAVSO,alf Ori,1324300765,STD,2026-02-05T00:00:00Z,2026-02-05,2461076.5,0.7,,Vis.,MOW,2026-05-28T07:20:35Z
AAVSO,alf Ori,1324525378,STD,2026-02-05T00:00:00Z,2026-02-05,2461076.5,0.5,,Vis.,SNE,2026-05-28T07:20:35Z
AAVSO,ALF ORI,1323289299,,2026-02-05T03:31:59Z,2026-02-05,2461076.64722,0.7,,Vis.,SSHA,2026-05-28T07:20:35Z
AAVSO,alf Ori,1323270463,STD,2026-02-05T06:54:00Z,2026-02-05,2461076.7875,0.529,0.002,V,CTOA,2026-05-28T07:20:35Z
AAVSO,ALF ORI,1324359575,,2026-02-05T11:55:40Z,2026-02-05,2461076.997,0.5,,Vis.,ONOB,2026-05-28T07:20:35Z
AAVSO,ALF ORI,1323274200,,2026-02-05T17:29:45Z,2026-02-05,2461077.229,0.5,,Vis.,MQA,2026-05-28T07:20:35Z
AAVSO,alf Ori,1323269325,STD,2026-02-05T19:16:59Z,2026-02-05,2461077.303472,0.5,,Vis.,PARC,2026-05-28T07:20:35Z
AAVSO,alp ori,1323277781,,2026-02-05T20:10:00Z,2026-02-05,2461077.34028,0.55,,Vis.,MOSB,2026-05-28T07:20:35Z
AAVSO,ALF ORI,1324526552,,2026-02-05T23:27:01Z,2026-02-05,2461077.4771,0.6,,Vis.,AAX,2026-05-28T07:20:35Z
AAVSO,alf Ori,1323277323,STD,2026-02-06T00:29:59Z,2026-02-06,2461077.52083,0.6,,Vis.,FADC,2026-05-28T07:20:35Z
AAVSO,alf Ori,1323323646,STD,2026-02-06T11:09:01Z,2026-02-06,2461077.9646,0.55,,Vis.,SRX,2026-05-28T07:20:35Z
AAVSO,Betelgeuse,1323296867,,2026-02-06T15:45:00Z,2026-02-06,2461078.15625,0.47,,Vis.,BCAD,2026-05-28T07:20:35Z
AAVSO,ALF Ori,1324106510,,2026-02-06T19:11:59Z,2026-02-06,2461078.3,0.3,,Vis.,SPAO,2026-05-28T07:20:35Z
AAVSO,Alf Ori,1324007459,,2026-02-06T19:44:58Z,2026-02-06,2461078.3229,0.5,,Vis.,LCR,2026-05-28T07:20:35Z
AAVSO,alf Ori,1323294305,,2026-02-06T19:59:00Z,2026-02-06,2461078.33264,0.3,,Vis.,SGQ,2026-05-28T07:20:35Z
AAVSO,ALF ORI,1324526553,,2026-02-06T23:10:01Z,2026-02-06,2461078.4653,0.7,,Vis.,AAX,2026-05-28T07:20:35Z
AAVSO,000-BBK-383,1323294746,,2026-02-07T01:14:52Z,2026-02-07,2461078.552,0.4,,Vis.,WALG,2026-05-28T07:20:35Z
AAVSO,ALF ORI,1323311130,,2026-02-07T02:05:59Z,2026-02-07,2461078.5875,0.5,,Vis.,CKB,2026-05-28T07:20:35Z
AAVSO,alf Ori,1323296874,STD,2026-02-07T03:42:59Z,2026-02-07,2461078.654861,0.7,,Vis.,DCHF,2026-05-28T07:20:35Z
AAVSO,Alf Ori,1325578038,,2026-02-07T18:58:00Z,2026-02-07,2461079.29028,0.5,,Vis.,CLAC,2026-05-28T07:20:35Z
AAVSO,ALF ORI,1324105062,,2026-02-07T19:11:59Z,2026-02-07,2461079.3,0.7,,Vis.,JLZ,2026-05-28T07:20:35Z
AAVSO,alf Ori,1323303106,STD,2026-02-07T19:57:56Z,2026-02-07,2461079.3319,0.4,,Vis.,AVAD,2026-05-28T07:20:35Z
AAVSO,ALF ORI,1323312769,,2026-02-08T01:23:59Z,2026-02-08,2461079.55833,0.7,,Vis.,SSHA,2026-05-28T07:20:35Z
AAVSO,alf Ori,1324103905,STD,2026-02-08T06:00:25Z,2026-02-08,2461079.7503,0.53,,Vis.,SASC,2026-05-28T07:20:35Z
AAVSO,alpha Ori,1323355627,,2026-02-08T10:19:12Z,2026-02-08,2461079.93,0.4,,Vis.,ERW,2026-05-28T07:20:35Z
AAVSO,Alpha Ori,1323328852,,2026-02-08T16:38:00Z,2026-02-08,2461080.19306,0.5,,Vis.,CSZ,2026-05-28T07:20:35Z
AAVSO,ALF ORI,1324285571,,2026-02-08T18:43:11Z,2026-02-08,2461080.28,0.5,,Vis.,SBEA,2026-05-28T07:20:35Z
AAVSO,ALF ORI,1323919575,,2026-02-08T19:11:59Z,2026-02-08,2461080.3,0.4,,Vis.,PIJ,2026-05-28T07:20:35Z
AAVSO,alf Ori,1323942650,,2026-02-08T19:39:59Z,2026-02-08,2461080.31944,0.53,,Vis.,SIVB,2026-05-28T07:20:35Z
AAVSO,ALF ORI,1324526554,,2026-02-08T23:32:03Z,2026-02-08,2461080.4806,0.6,,Vis.,AAX,2026-05-28T07:20:35Z
AAVSO,ALF ORI,1323323921,,2026-02-09T00:29:57Z,2026-02-09,2461080.5208,0.6,,Vis.,CFL,2026-05-28T07:20:35Z
AAVSO,000-BBK-383,1325455101,,2026-02-09T02:04:59Z,2026-02-09,2461080.5868,0.4,,Vis.,WALG,2026-05-28T07:20:35Z
AAVSO,ALF ORI,1323340355,,2026-02-09T15:48:57Z,2026-02-09,2461081.159,0.5,,Vis.,MQA,2026-05-28T07:20:35Z
AAVSO,alf Ori,1323942653,,2026-02-09T16:59:59Z,2026-02-09,2461081.20833,0.55,,Vis.,SIVB,2026-05-28T07:20:35Z
AAVSO,ALF ORI,1323937188,,2026-02-09T19:59:57Z,2026-02-09,2461081.3333,0.6,,Vis.,KBJB,2026-05-28T07:20:35Z
AAVSO,alf Ori,1323363640,,2026-02-09T19:59:59Z,2026-02-09,2461081.33333,0.4,,Vis.,SGQ,2026-05-28T07:20:35Z
AAVSO,alp ori,1323389034,,2026-02-09T20:19:59Z,2026-02-09,2461081.34722,0.5,,Vis.,MOSB,2026-05-28T07:20:35Z
AAVSO,alf Ori,1323358237,,2026-02-09T20:37:00Z,2026-02-09,2461081.35903,0.7,,Vis.,BMIE,2026-05-28T07:20:35Z
AAVSO,alpha Ori,1323958093,,2026-02-10T01:30:43Z,2026-02-10,2461081.563,0.6,,Vis.,SEDB,2026-05-28T07:20:35Z
AAVSO,alf Ori,1324515549,STD,2026-02-10T06:00:00Z,2026-02-10,2461081.75,0.57,,Vis.,SASC,2026-05-28T07:20:35Z
AAVSO,alf Ori,1323355619,,2026-02-10T10:25:58Z,2026-02-10,2461081.9347,0.6,,Vis.,GALT,2026-05-28T07:20:35Z
AAVSO,alf Ori,1325828394,,2026-02-10T10:57:56Z,2026-02-10,2461081.9569,0.55,,Vis.,SRX,2026-05-28T07:20:35Z
AAVSO,ALF ORI,1323345428,,2026-02-10T16:59:31Z,2026-02-10,2461082.208,0.5,,Vis.,MQA,2026-05-28T07:20:35Z
AAVSO,alp ori,1323389234,,2026-02-10T19:30:00Z,2026-02-10,2461082.3125,0.5,,Vis.,MOSB,2026-05-28T07:20:35Z
AAVSO,ALF ORI,1324359576,,2026-02-11T09:48:57Z,2026-02-11,2461082.909,0.4,,Vis.,ONOB,2026-05-28T07:20:35Z
AAVSO,Betelgeuse,1323967394,,2026-02-11T16:14:59Z,2026-02-11,2461083.17708,0.44,,Vis.,BCAD,2026-05-28T07:20:35Z
AAVSO,ALF ORI,1323358668,,2026-02-11T17:29:45Z,2026-02-11,2461083.229,0.5,,Vis.,MQA,2026-05-28T07:20:35Z
AAVSO,alf Ori,1323363639,,2026-02-11T19:59:59Z,2026-02-11,2461083.33333,0.4,,Vis.,SGQ,2026-05-28T07:20:35Z
AAVSO,ALF ORI,1324526555,,2026-02-11T22:53:02Z,2026-02-11,2461083.4535,0.6,,Vis.,AAX,2026-05-28T07:20:35Z
AAVSO,ALF ORI,1324089960,,2026-02-12T01:03:56Z,2026-02-12,2461083.5444,0.4,,Vis.,BGZ,2026-05-28T07:20:35Z
AAVSO,000-BBK-383,1323372468,,2026-02-12T01:14:52Z,2026-02-12,2461083.552,0.6,,Vis.,WALG,2026-05-28T07:20:35Z
AAVSO,alf Ori,1323375522,STD,2026-02-12T17:21:00Z,2026-02-12,2461084.222917,0.4,,Vis.,PARC,2026-05-28T07:20:35Z
AAVSO,ALF ORI,1323377643,,2026-02-12T17:39:50Z,2026-02-12,2461084.236,0.5,,Vis.,MQA,2026-05-28T07:20:35Z
AAVSO,alf ori,1323985987,STD,2026-02-12T20:34:56Z,2026-02-12,2461084.3576,0.448,0.007,V,CTIA,2026-05-28T07:20:35Z
AAVSO,ALF ORI,1324526556,,2026-02-12T22:54:02Z,2026-02-12,2461084.4542,0.6,,Vis.,AAX,2026-05-28T07:20:35Z
AAVSO,ALF ORI,1323398949,,2026-02-13T02:06:59Z,2026-02-13,2461084.58819,0.65,,Vis.,SSHA,2026-05-28T07:20:35Z
AAVSO,alf Ori,1323389024,STD,2026-02-13T07:57:15Z,2026-02-13,2461084.831435,0.43,,Vis.,SASC,2026-05-28T07:20:35Z
AAVSO,000-BBK-383,1323629434,,2026-02-13T09:14:58Z,2026-02-13,2461084.8854,0.4,,Vis.,WALG,2026-05-28T07:20:35Z
AAVSO,alf Ori,1323418422,STD,2026-02-13T12:14:58Z,2026-02-13,2461085.0104,0.5,,Vis.,SRX,2026-05-28T07:20:35Z
AAVSO,Alpha Ori,1323409789,,2026-02-13T17:59:00Z,2026-02-13,2461085.24931,0.6,,Vis.,CSZ,2026-05-28T07:20:35Z
AAVSO,ALF ORI,1324089613,,2026-02-13T18:28:48Z,2026-02-13,2461085.27,0.4,,Vis.,KSZ,2026-05-28T07:20:35Z
AAVSO,Alf Ori,1324090300,,2026-02-13T18:35:59Z,2026-02-13,2461085.275,0.5,,Vis.,LCR,2026-05-28T07:20:35Z
AAVSO,ALF ORI,1324105063,,2026-02-13T19:26:24Z,2026-02-13,2461085.31,0.7,,Vis.,JLZ,2026-05-28T07:20:35Z
AAVSO,alpha ori,1323651947,,2026-02-13T19:30:00Z,2026-02-13,2461085.3125,0.5,,Vis.,REE,2026-05-28T07:20:35Z
AAVSO,ALF ORI,1324730611,STD,2026-02-13T19:57:38Z,2026-02-13,2461085.3317,0.511,0.006,V,VOL,2026-05-28T07:20:35Z
AAVSO,ALF ORI,1323409880,,2026-02-14T01:18:02Z,2026-02-14,2461085.5542,0.6,,Vis.,CFL,2026-05-28T07:20:35Z
AAVSO,alf Ori,1324525387,STD,2026-02-14T01:36:59Z,2026-02-14,2461085.567361,0.5,,Vis.,SNE,2026-05-28T07:20:35Z
AAVSO,alf Ori,1323428012,STD,2026-02-14T13:08:58Z,2026-02-14,2461086.0479,0.5,,Vis.,SRX,2026-05-28T07:20:35Z
AAVSO,Betelgeuse,1323967395,,2026-02-14T15:49:59Z,2026-02-14,2461086.15972,0.45,,Vis.,BCAD,2026-05-28T07:20:35Z
AAVSO,ALF ORI,1323430307,,2026-02-14T18:57:01Z,2026-02-14,2461086.2896,0.6,,Vis.,NDQ,2026-05-28T07:20:35Z
AAVSO,Alf ori,1323626269,,2026-02-14T19:59:31Z,2026-02-14,2461086.333,0.3,,Vis.,WBOA,2026-05-28T07:20:35Z
AAVSO,alf Ori,1323424860,STD,2026-02-14T20:20:32Z,2026-02-14,2461086.3476,0.4,,Vis.,AVAD,2026-05-28T07:20:35Z
AAVSO,alf Ori,1323637480,STD,2026-02-14T23:03:59Z,2026-02-14,2461086.4611,0.67,,Vis.,DPV,2026-05-28T07:20:35Z
AAVSO,alf Ori,1323864781,STD,2026-02-15T01:43:00Z,2026-02-15,2461086.571528,0.7,,Vis.,DCHF,2026-05-28T07:20:35Z
AAVSO,alf ori,1323448921,,2026-02-15T03:15:59Z,2026-02-15,2461086.63611,0.5,,Vis.,DMPA,2026-05-28T07:20:35Z
AAVSO,ALF ORI,1323645207,,2026-02-15T04:21:59Z,2026-02-15,2461086.68194,0.5,,Vis.,CKB,2026-05-28T07:20:35Z
AAVSO,ALF ORI,1324359577,,2026-02-15T09:51:50Z,2026-02-15,2461086.911,0.5,,Vis.,ONOB,2026-05-28T07:20:35Z
AAVSO,Alf ori,1323626270,,2026-02-15T16:36:02Z,2026-02-15,2461087.1917,0.4,,Vis.,WBOA,2026-05-28T07:20:35Z
AAVSO,ALF ORI,1324490862,,2026-02-15T16:48:00Z,2026-02-15,2461087.2,0.65,,Vis.,SYU,2026-05-28T07:20:35Z
AAVSO,Betelgeuse,1323967397,,2026-02-15T17:15:00Z,2026-02-15,2461087.21875,0.46,,Vis.,BCAD,2026-05-28T07:20:35Z
AAVSO,ALF ORI,1324105914,,2026-02-15T17:19:40Z,2026-02-15,2461087.222,0.3,,Vis.,BHA,2026-05-28T07:20:35Z
AAVSO,alf ori,1323467777,,2026-02-15T17:35:00Z,2026-02-15,2461087.23264,0.5,,Vis.,MFB,2026-05-28T07:20:35Z
AAVSO,ALF ORI,1324105152,,2026-02-15T18:11:57Z,2026-02-15,2461087.2583,0.5,,Vis.,VFK,2026-05-28T07:20:35Z
AAVSO,alf Ori,1323626271,,2026-02-15T18:18:59Z,2026-02-15,2461087.26319,0.5,,Vis.,SIVA,2026-05-28T07:20:35Z
AAVSO,ALF Ori,1324106511,,2026-02-15T19:11:59Z,2026-02-15,2461087.3,0.3,,Vis.,SPAO,2026-05-28T07:20:35Z
AAVSO,Betelgeuse,1323986888,,2026-02-15T19:54:59Z,2026-02-15,2461087.32986,0.45,,Vis.,MPIB,2026-05-28T07:20:35Z
AAVSO,ALF ORI,1323630501,,2026-02-16T00:29:59Z,2026-02-16,2461087.52083,0.7,,Vis.,SSHA,2026-05-28T07:20:35Z
AAVSO,000-BBK-383,1323629698,,2026-02-16T01:26:24Z,2026-02-16,2461087.56,0.4,,Vis.,WALG,2026-05-28T07:20:35Z
AAVSO,ALF ORI,1323751926,STD,2026-02-16T02:51:04Z,2026-02-16,2461087.6188,0.481,0.007,V,KPL,2026-05-28T07:20:35Z
AAVSO,Alf Ori,1323645487,,2026-02-16T11:10:01Z,2026-02-16,2461087.9653,0.6,,Vis.,GALT,2026-05-28T07:20:35Z
AAVSO,alf Ori,1323646472,STD,2026-02-16T11:13:03Z,2026-02-16,2461087.9674,0.45,,Vis.,SRX,2026-05-28T07:20:35Z
AAVSO,alf Ori,1323942655,,2026-02-16T17:15:00Z,2026-02-16,2461088.21875,0.48,,Vis.,SIVB,2026-05-28T07:20:35Z
AAVSO,alp ori,1323651713,,2026-02-16T18:29:59Z,2026-02-16,2461088.27083,0.5,,Vis.,MOSB,2026-05-28T07:20:35Z
AAVSO,alf Ori,1323645137,,2026-02-16T20:30:00Z,2026-02-16,2461088.35417,0.4,,Vis.,SGQ,2026-05-28T07:20:35Z
AAVSO,alf Ori,1323810534,,2026-02-17T11:34:56Z,2026-02-17,2461088.9826,0.6,,Vis.,GALT,2026-05-28T07:20:35Z
AAVSO,alf ori,1323653358,,2026-02-17T13:23:00Z,2026-02-17,2461089.05764,0.7,,Vis.,SANG,2026-05-28T07:20:35Z
AAVSO,Alf Ori,1324203311,,2026-02-17T18:37:00Z,2026-02-17,2461089.2757,0.5,,Vis.,LCR,2026-05-28T07:20:35Z
AAVSO,ALF ORI,1324730612,STD,2026-02-17T18:39:27Z,2026-02-17,2461089.2774,0.512,0.009,V,VOL,2026-05-28T07:20:35Z
AAVSO,ALF ORI,1324105178,,2026-02-17T20:19:58Z,2026-02-17,2461089.3472,0.4,,Vis.,VFK,2026-05-28T07:20:35Z
AAVSO,alf Ori,1323870454,,2026-02-17T20:19:59Z,2026-02-17,2461089.34722,0.4,,Vis.,SGQ,2026-05-28T07:20:35Z
AAVSO,ALF ORI,1323937189,,2026-02-17T20:30:02Z,2026-02-17,2461089.3542,0.6,,Vis.,KBJB,2026-05-28T07:20:35Z
AAVSO,alf Ori,1324300766,STD,2026-02-18T02:24:00Z,2026-02-18,2461089.6,0.7,,Vis.,MOW,2026-05-28T07:20:35Z
AAVSO,Alf Ori,1323918706,,2026-02-18T10:30:00Z,2026-02-18,2461089.9375,0.5,,Vis.,GALT,2026-05-28T07:20:35Z
AAVSO,Betelgeuse,1323967398,,2026-02-18T16:20:00Z,2026-02-18,2461090.18056,0.45,,Vis.,BCAD,2026-05-28T07:20:35Z
AAVSO,ALF ORI,1324490863,,2026-02-18T16:48:00Z,2026-02-18,2461090.2,0.65,,Vis.,SYU,2026-05-28T07:20:35Z
AAVSO,Alpha Ori,1323872027,,2026-02-18T16:50:00Z,2026-02-18,2461090.20139,0.5,,Vis.,CSZ,2026-05-28T07:20:35Z
AAVSO,Alf ori,1324009484,,2026-02-18T18:00:00Z,2026-02-18,2461090.25,0.5,,Vis.,WBOA,2026-05-28T07:20:35Z
AAVSO,ALF ORI,1324730613,STD,2026-02-18T18:16:59Z,2026-02-18,2461090.2618,0.522,0.023,V,VOL,2026-05-28T07:20:35Z
AAVSO,alf Ori,1323886062,STD,2026-02-18T18:49:59Z,2026-02-18,2461090.284722,0.4,,Vis.,PARC,2026-05-28T07:20:35Z
AAVSO,ALF ORI,1324105915,,2026-02-18T19:00:28Z,2026-02-18,2461090.292,0.4,,Vis.,BHA,2026-05-28T07:20:35Z
AAVSO,ALF ORI,1323919576,,2026-02-18T19:11:59Z,2026-02-18,2461090.3,0.5,,Vis.,PIJ,2026-05-28T07:20:35Z
AAVSO,alf Ori,1323870455,,2026-02-18T20:19:59Z,2026-02-18,2461090.34722,0.4,,Vis.,SGQ,2026-05-28T07:20:35Z
AAVSO,ALF ORI,1323891259,,2026-02-19T00:38:00Z,2026-02-19,2461090.52639,0.65,,Vis.,SSHA,2026-05-28T07:20:35Z
AAVSO,alf Ori,1323875102,STD,2026-02-19T06:27:59Z,2026-02-19,2461090.769444,0.42,,Vis.,SASC,2026-05-28T07:20:35Z
AAVSO,alpha Ori,1323895077,,2026-02-19T09:07:11Z,2026-02-19,2461090.88,0.37,,Vis.,ERW,2026-05-28T07:20:35Z
AAVSO,ALF ORI,1324359578,,2026-02-19T09:40:19Z,2026-02-19,2461090.903,0.5,,Vis.,ONOB,2026-05-28T07:20:35Z
AAVSO,Alf Ori,1323918753,,2026-02-19T10:18:02Z,2026-02-19,2461090.9292,0.6,,Vis.,GALT,2026-05-28T07:20:35Z
AAVSO,alf Ori,1323894498,STD,2026-02-19T10:41:57Z,2026-02-19,2461090.9458,0.4,,Vis.,SRX,2026-05-28T07:20:35Z
AAVSO,Betelgeuse,1323967399,,2026-02-19T16:09:59Z,2026-02-19,2461091.17361,0.45,,Vis.,BCAD,2026-05-28T07:20:35Z
AAVSO,ALF ORI,1324490864,,2026-02-19T16:48:00Z,2026-02-19,2461091.2,0.65,,Vis.,SYU,2026-05-28T07:20:35Z
AAVSO,ALF ORI,1323892452,,2026-02-19T18:08:38Z,2026-02-19,2461091.256,0.5,,Vis.,MQA,2026-05-28T07:20:35Z
AAVSO,alf Ori,1323919383,,2026-02-19T21:20:00Z,2026-02-19,2461091.38889,0.45,,Vis.,SGQ,2026-05-28T07:20:35Z
AAVSO,alf Ori,1323895037,STD,2026-02-20T06:27:56Z,2026-02-20,2461091.7694,0.18,,Vis.,SASC,2026-05-28T07:20:35Z
AAVSO,alf Ori,1323933844,STD,2026-02-20T11:09:01Z,2026-02-20,2461091.9646,0.42,,Vis.,SRX,2026-05-28T07:20:35Z
AAVSO,Betelgeuse,1323910403,,2026-02-20T18:20:00Z,2026-02-20,2461092.26389,0.4,,Vis.,MPIB,2026-05-28T07:20:35Z
AAVSO,alf Ori,1323942659,,2026-02-20T18:49:59Z,2026-02-20,2461092.28472,0.49,,Vis.,SIVB,2026-05-28T07:20:35Z
AAVSO,alf Ori,1323919382,,2026-02-20T20:10:00Z,2026-02-20,2461092.34028,0.45,,Vis.,SGQ,2026-05-28T07:20:35Z
AAVSO,alf Ori,1323919399,STD,2026-02-21T05:40:06Z,2026-02-21,2461092.736192,0.22,,Vis.,SASC,2026-05-28T07:20:35Z
AAVSO,ALF ORI,1324359579,,2026-02-21T11:32:38Z,2026-02-21,2461092.981,0.6,,Vis.,ONOB,2026-05-28T07:20:35Z
AAVSO,alp ori,1323941274,,2026-02-21T18:40:00Z,2026-02-21,2461093.27778,0.5,,Vis.,MOSB,2026-05-28T07:20:35Z
AAVSO,ALF Ori,1324106512,,2026-02-21T19:11:59Z,2026-02-21,2461093.3,0.2,,Vis.,SPAO,2026-05-28T07:20:35Z
AAVSO,alf Ori,1323941729,STD,2026-02-21T22:21:04Z,2026-02-21,2461093.4313,0.56,,Vis.,DPV,2026-05-28T07:20:35Z
AAVSO,ALF ORI,1324526557,,2026-02-21T22:34:01Z,2026-02-21,2461093.4403,0.5,,Vis.,AAX,2026-05-28T07:20:35Z
AAVSO,ALF ORI,1323957545,,2026-02-22T01:43:00Z,2026-02-22,2461093.57153,0.4,,Vis.,CKB,2026-05-28T07:20:35Z
AAVSO,ALF ORI,1323979605,STD,2026-02-22T02:51:04Z,2026-02-22,2461093.6188,0.511,0.004,V,KPL,2026-05-28T07:20:35Z
AAVSO,alf Ori,1323934435,STD,2026-02-22T04:40:04Z,2026-02-22,2461093.6945,0.38,,Vis.,SASC,2026-05-28T07:20:35Z
AAVSO,alf ori,1323942750,,2026-02-22T13:41:59Z,2026-02-22,2461094.07083,0.6,,Vis.,SANG,2026-05-28T07:20:35Z
AAVSO,ALF ORI,1323967386,,2026-02-22T16:29:16Z,2026-02-22,2461094.187,0.4,,Vis.,MQA,2026-05-28T07:20:35Z
AAVSO,Alf Ori,1324335762,,2026-02-22T18:45:56Z,2026-02-22,2461094.2819,0.5,,Vis.,LCR,2026-05-28T07:20:35Z
AAVSO,Alf ori,1324009524,,2026-02-22T19:00:02Z,2026-02-22,2461094.2917,0.4,,Vis.,WBOA,2026-05-28T07:20:35Z
AAVSO,ALF ORI,1324526558,,2026-02-22T22:46:59Z,2026-02-22,2461094.4493,0.5,,Vis.,AAX,2026-05-28T07:20:35Z
AAVSO,alpha Ori,1323958094,,2026-02-23T00:44:38Z,2026-02-23,2461094.531,0.5,,Vis.,SEDB,2026-05-28T07:20:35Z
AAVSO,alf Ori,1323983228,STD,2026-02-23T10:28:59Z,2026-02-23,2461094.9368,0.42,,Vis.,SRX,2026-05-28T07:20:35Z
AAVSO,Betelgeuse,1324417098,,2026-02-23T16:09:59Z,2026-02-23,2461095.17361,0.46,,Vis.,BCAD,2026-05-28T07:20:35Z
AAVSO,alp ori,1323984247,,2026-02-23T19:05:00Z,2026-02-23,2461095.29514,0.5,,Vis.,MOSB,2026-05-28T07:20:35Z
AAVSO,alf Ori,1323984421,STD,2026-02-24T06:59:54Z,2026-02-24,2461095.7916,0.44,,Vis.,SASC,2026-05-28T07:20:35Z
AAVSO,Betelgeuse,1324417099,,2026-02-24T16:05:00Z,2026-02-24,2461096.17014,0.44,,Vis.,BCAD,2026-05-28T07:20:35Z
AAVSO,Alpha Ori,1323999160,,2026-02-24T17:10:00Z,2026-02-24,2461096.21528,0.5,,Vis.,CSZ,2026-05-28T07:20:35Z
AAVSO,Betelgeuse,1323986846,,2026-02-24T19:00:00Z,2026-02-24,2461096.29167,0.4,,Vis.,MPIB,2026-05-28T07:20:35Z
AAVSO,ALF ORI,1324105916,,2026-02-24T19:10:33Z,2026-02-24,2461096.299,0.4,,Vis.,BHA,2026-05-28T07:20:35Z
AAVSO,Alf Ori,1325578089,,2026-02-24T19:25:00Z,2026-02-24,2461096.30903,0.5,,Vis.,CLAC,2026-05-28T07:20:35Z
AAVSO,ALF ORI,1324105064,,2026-02-24T20:09:35Z,2026-02-24,2461096.34,0.7,,Vis.,JLZ,2026-05-28T07:20:35Z
AAVSO,alpha ori,1324009477,,2026-02-24T20:24:00Z,2026-02-24,2461096.35,0.4,,Vis.,REE,2026-05-28T07:20:35Z
AAVSO,alf Ori,1323999194,STD,2026-02-24T21:08:03Z,2026-02-24,2461096.3806,0.62,,Vis.,DPV,2026-05-28T07:20:35Z
AAVSO,alf Ori,1324000678,STD,2026-02-25T00:02:00Z,2026-02-25,2461096.501389,0.3,,Vis.,RMP,2026-05-28T07:20:35Z
AAVSO,alf Ori,1324526193,STD,2026-02-25T03:26:00Z,2026-02-25,2461096.643056,0.5,,Vis.,SNE,2026-05-28T07:20:35Z
AAVSO,Betelgeuse,1324417101,,2026-02-25T16:00:00Z,2026-02-25,2461097.16667,0.44,,Vis.,BCAD,2026-05-28T07:20:35Z
AAVSO,ALF ORI,1324105917,,2026-02-25T17:39:50Z,2026-02-25,2461097.236,0.4,,Vis.,BHA,2026-05-28T07:20:35Z
AAVSO,Betelgeuse,1324010528,,2026-02-25T18:09:59Z,2026-02-25,2461097.25694,0.4,,Vis.,MPIB,2026-05-28T07:20:35Z
AAVSO,Betelgeuse,1324031050,,2026-02-25T18:26:00Z,2026-02-25,2461097.26806,0.75,,Vis.,DMIB,2026-05-28T07:20:35Z
AAVSO,Alf ori,1324009525,,2026-02-25T18:29:57Z,2026-02-25,2461097.2708,0.6,,Vis.,WBOA,2026-05-28T07:20:35Z
AAVSO,ALF ORI,1324730614,STD,2026-02-25T18:49:58Z,2026-02-25,2461097.2847,0.518,0.003,V,VOL,2026-05-28T07:20:35Z
AAVSO,ALF ORI,1324285572,,2026-02-25T18:57:36Z,2026-02-25,2461097.29,0.4,,Vis.,SBEA,2026-05-28T07:20:35Z
AAVSO,ALF Ori,1324106513,,2026-02-25T19:11:59Z,2026-02-25,2461097.3,0.3,,Vis.,SPAO,2026-05-28T07:20:35Z
AAVSO,ALF ORI,1324105200,,2026-02-25T20:32:03Z,2026-02-25,2461097.3556,0.4,,Vis.,VFK,2026-05-28T07:20:35Z
AAVSO,ALF ORI,1324285575,,2026-02-25T21:35:59Z,2026-02-25,2461097.4,0.7,,Vis.,REP,2026-05-28T07:20:35Z
AAVSO,ALF ORI,1324040853,,2026-02-26T00:47:00Z,2026-02-26,2461097.53264,0.65,,Vis.,SSHA,2026-05-28T07:20:35Z
AAVSO,ALF ORI,1324105918,,2026-02-26T18:30:14Z,2026-02-26,2461098.271,0.4,,Vis.,BHA,2026-05-28T07:20:35Z
AAVSO,ALF ORI,1324043082,,2026-02-26T19:34:01Z,2026-02-26,2461098.3153,0.6,,Vis.,NDQ,2026-05-28T07:20:35Z
AAVSO,alf ori,1324128785,,2026-02-26T19:59:31Z,2026-02-26,2461098.333,0.6,,Vis.,WBOA,2026-05-28T07:20:35Z
AAVSO,ALF ORI,1324105236,,2026-02-26T20:33:56Z,2026-02-26,2461098.3569,0.6,,Vis.,VFK,2026-05-28T07:20:35Z
AAVSO,Betelgeuse,1324039721,,2026-02-26T20:50:00Z,2026-02-26,2461098.36806,0.4,,Vis.,MPIB,2026-05-28T07:20:35Z
AAVSO,ALF ORI,1324053752,STD,2026-02-27T02:51:04Z,2026-02-27,2461098.6188,0.508,0.005,V,KPL,2026-05-28T07:20:35Z
AAVSO,alpha Ori,1324051307,,2026-02-27T08:38:23Z,2026-02-27,2461098.86,0.44,,Vis.,ERW,2026-05-28T07:20:35Z
AAVSO,ALF ORI,1324490865,,2026-02-27T16:48:00Z,2026-02-27,2461099.2,0.65,,Vis.,SYU,2026-05-28T07:20:35Z
AAVSO,ALF ORI,1324053748,,2026-02-27T16:49:26Z,2026-02-27,2461099.201,0.5,,Vis.,MQA,2026-05-28T07:20:35Z
AAVSO,alp ori,1324053964,,2026-02-27T18:04:59Z,2026-02-27,2461099.25347,0.5,,Vis.,MOSB,2026-05-28T07:20:35Z
AAVSO,ALF ORI,1324730615,STD,2026-02-27T18:24:02Z,2026-02-27,2461099.2667,0.53,0.014,V,VOL,2026-05-28T07:20:35Z
AAVSO,ALF ORI,1324105919,,2026-02-27T18:38:52Z,2026-02-27,2461099.277,0.4,,Vis.,BHA,2026-05-28T07:20:35Z
AAVSO,Alf Ori,1324477954,,2026-02-27T18:45:56Z,2026-02-27,2461099.2819,0.5,,Vis.,LCR,2026-05-28T07:20:35Z
AAVSO,ALF ORI,1324105246,,2026-02-27T18:56:00Z,2026-02-27,2461099.2889,0.5,,Vis.,VFK,2026-05-28T07:20:35Z
AAVSO,alf Ori,1324089799,STD,2026-02-27T19:04:46Z,2026-02-27,2461099.29498,0.504,0.008,V,NOT,2026-05-28T07:20:35Z
AAVSO,Betelgeuse,1324050391,,2026-02-27T19:09:59Z,2026-02-27,2461099.29861,0.4,,Vis.,MPIB,2026-05-28T07:20:35Z
AAVSO,ALF ORI,1324128127,STD,2026-02-28T01:49:00Z,2026-02-28,2461099.5757,0.501,0.004,V,WKRA,2026-05-28T07:20:35Z
AAVSO,ALF ORI,1324359580,,2026-02-28T11:35:31Z,2026-02-28,2461099.983,0.5,,Vis.,ONOB,2026-05-28T07:20:35Z
AAVSO,ALF ORI,1324089677,,2026-02-28T16:29:16Z,2026-02-28,2461100.187,0.4,,Vis.,MQA,2026-05-28T07:20:35Z
AAVSO,Betelgeuse,1324417102,,2026-02-28T17:05:00Z,2026-02-28,2461100.21181,0.44,,Vis.,BCAD,2026-05-28T07:20:35Z
AAVSO,alf Ori,1325644355,,2026-02-28T17:32:00Z,2026-02-28,2461100.23056,0.36,,Vis.,SIVB,2026-05-28T07:20:35Z
AAVSO,Betelgeuse,1324090280,,2026-02-28T18:29:59Z,2026-02-28,2461100.27083,0.35,,Vis.,MPIB,2026-05-28T07:20:35Z
AAVSO,ALF ORI,1324105920,,2026-02-28T20:39:50Z,2026-02-28,2461100.361,0.4,,Vis.,BHA,2026-05-28T07:20:35Z
AAVSO,ALF ORI,1324126678,,2026-03-01T01:36:59Z,2026-03-01,2461100.56736,0.3,,Vis.,CKB,2026-05-28T07:20:35Z
AAVSO,ALF ORI,1324110841,,2026-03-01T16:29:16Z,2026-03-01,2461101.187,0.4,,Vis.,MQA,2026-05-28T07:20:35Z
AAVSO,ALF ORI,1325340382,,2026-03-01T18:19:00Z,2026-03-01,2461101.2632,0.6,,Vis.,VFK,2026-05-28T07:20:35Z
AAVSO,ALF ORI,1326247309,,2026-03-01T19:11:59Z,2026-03-01,2461101.3,0.65,,Vis.,SYU,2026-05-28T07:20:35Z
AAVSO,Betelgeuse,1324126701,,2026-03-01T20:39:59Z,2026-03-01,2461101.36111,0.35,,Vis.,MPIB,2026-05-28T07:20:35Z
AAVSO,alf Ori,1325430985,STD,2026-03-02T00:00:00Z,2026-03-02,2461101.5,0.7,,Vis.,MOW,2026-05-28T07:20:35Z
AAVSO,ALF ORI,1324283277,,2026-03-02T00:29:59Z,2026-03-02,2461101.52083,0.3,,Vis.,MEMC,2026-05-28T07:20:35Z
AAVSO,Alf Ori,1324192735,,2026-03-02T02:08:00Z,2026-03-02,2461101.58889,0.6,,Vis.,DMPA,2026-05-28T07:20:35Z
AAVSO,ALF ORI,1324244131,STD,2026-03-02T18:54:30Z,2026-03-02,2461102.28785,0.522,0.007,V,NOT,2026-05-28T07:20:35Z
AAVSO,ALF ORI,1326247310,,2026-03-02T19:11:59Z,2026-03-02,2461102.3,0.65,,Vis.,SYU,2026-05-28T07:20:35Z
AAVSO,ALF ORI,1325777924,,2026-03-02T19:14:52Z,2026-03-02,2461102.302,0.3,,Vis.,SRBR,2026-05-28T07:20:35Z
AAVSO,000-BBK-383,1324174240,,2026-03-03T01:39:59Z,2026-03-03,2461102.56944,0.4,,Vis.,WALG,2026-05-28T07:20:35Z
AAVSO,ALF ORI,1325340411,,2026-03-03T18:00:00Z,2026-03-03,2461103.25,0.4,,Vis.,VFK,2026-05-28T07:20:35Z
AAVSO,alf Ori,1324212249,,2026-03-03T18:04:59Z,2026-03-03,2461103.25347,0.7,,Vis.,BMIE,2026-05-28T07:20:35Z
AAVSO,alpha ori,1325405277,,2026-03-03T18:12:57Z,2026-03-03,2461103.259,0.7,,Vis.,DNO,2026-05-28T07:20:35Z
AAVSO,Betelgeuse,1324213391,,2026-03-03T18:29:59Z,2026-03-03,2461103.27083,0.4,,Vis.,MPIB,2026-05-28T07:20:35Z
AAVSO,ALF ORI,1326247311,,2026-03-03T19:11:59Z,2026-03-03,2461103.3,0.65,,Vis.,SYU,2026-05-28T07:20:35Z
AAVSO,ALF ORI,1324730616,STD,2026-03-03T19:20:03Z,2026-03-03,2461103.3056,0.453,0.01,V,VOL,2026-05-28T07:20:35Z
AAVSO,Alpha Ori,1324234773,,2026-03-03T19:54:59Z,2026-03-03,2461103.32986,0.6,,Vis.,CSZ,2026-05-28T07:20:35Z
AAVSO,alpha ori,1324361235,,2026-03-03T19:56:00Z,2026-03-03,2461103.33056,0.4,,Vis.,REE,2026-05-28T07:20:35Z
AAVSO,ALF ORI,1325348862,,2026-03-03T20:09:35Z,2026-03-03,2461103.34,0.7,,Vis.,JLZ,2026-05-28T07:20:35Z
AAVSO,ALF ORI,1324283303,,2026-03-04T01:30:00Z,2026-03-04,2461103.5625,0.2,,Vis.,MEMC,2026-05-28T07:20:35Z
AAVSO,alf ori,1324230005,,2026-03-04T17:41:59Z,2026-03-04,2461104.2375,0.4,,Vis.,MFB,2026-05-28T07:20:35Z
AAVSO,ALF ORI,1325340440,,2026-03-04T18:03:01Z,2026-03-04,2461104.2521,0.4,,Vis.,VFK,2026-05-28T07:20:35Z
AAVSO,Betelgeuse,1324246023,,2026-03-04T18:31:59Z,2026-03-04,2461104.27222,0.55,,Vis.,DMIB,2026-05-28T07:20:35Z
AAVSO,ALF ORI,1324241704,,2026-03-04T18:35:59Z,2026-03-04,2461104.275,0.6,,Vis.,NDQ,2026-05-28T07:20:35Z
AAVSO,ALF ORI,1326247312,,2026-03-04T19:11:59Z,2026-03-04,2461104.3,0.65,,Vis.,SYU,2026-05-28T07:20:35Z
AAVSO,Betelgeuse,1324236180,,2026-03-04T19:30:00Z,2026-03-04,2461104.3125,0.4,,Vis.,MPIB,2026-05-28T07:20:35Z
AAVSO,Alf ori,1324237531,,2026-03-04T19:59:31Z,2026-03-04,2461104.333,0.6,,Vis.,WBOA,2026-05-28T07:20:35Z
AAVSO,alf Ori,1324241339,STD,2026-03-05T02:32:00Z,2026-03-05,2461104.60555556,0.4,,Vis.,KMAX,2026-05-28T07:20:35Z
AAVSO,alf Ori,1324285358,STD,2026-03-05T09:59:02Z,2026-03-05,2461104.916,0.45,,Vis.,SRX,2026-05-28T07:20:35Z
AAVSO,alf Ori,1324266063,,2026-03-05T10:39:56Z,2026-03-05,2461104.9444,0.6,,Vis.,GALT,2026-05-28T07:20:35Z
AAVSO,ALF ORI,1324258480,,2026-03-05T16:29:16Z,2026-03-05,2461105.187,0.4,,Vis.,MQA,2026-05-28T07:20:35Z
AAVSO,ALF ORI,1326247313,,2026-03-05T16:48:00Z,2026-03-05,2461105.2,0.65,,Vis.,SYU,2026-05-28T07:20:35Z
AAVSO,alf Ori,1325644358,,2026-03-05T17:35:00Z,2026-03-05,2461105.23264,0.35,,Vis.,SIVB,2026-05-28T07:20:35Z
AAVSO,ALF ORI,1325340457,,2026-03-05T18:16:59Z,2026-03-05,2461105.2618,0.5,,Vis.,VFK,2026-05-28T07:20:35Z
AAVSO,ALF ORI,1325304883,,2026-03-05T18:43:11Z,2026-03-05,2461105.28,0.5,,Vis.,KSZ,2026-05-28T07:20:35Z
AAVSO,ALF ORI,1324801815,,2026-03-05T19:11:59Z,2026-03-05,2461105.3,0.5,,Vis.,SBEA,2026-05-28T07:20:35Z
AAVSO,Alf ori,1324260892,,2026-03-05T19:59:31Z,2026-03-05,2461105.333,0.3,,Vis.,WBOA,2026-05-28T07:20:35Z
AAVSO,ALF ORI,1324730617,STD,2026-03-05T20:28:01Z,2026-03-05,2461105.3528,0.496,0.011,V,VOL,2026-05-28T07:20:35Z
AAVSO,ALF ORI,1326026616,,2026-03-05T21:35:59Z,2026-03-05,2461105.4,0.7,,Vis.,REP,2026-05-28T07:20:35Z
AAVSO,000-BBK-383,1324266198,,2026-03-06T00:18:51Z,2026-03-06,2461105.5131,0.4,,Vis.,WALG,2026-05-28T07:20:35Z
AAVSO,Alpha Ori,1324269568,,2026-03-06T02:51:59Z,2026-03-06,2461105.61944,0.6,,Vis.,CLQ,2026-05-28T07:20:35Z
AAVSO,alf Ori,1324268562,STD,2026-03-06T03:01:26Z,2026-03-06,2461105.626,0.1,,Vis.,RMP,2026-05-28T07:20:35Z
AAVSO,Betelgeuse,1324335790,,2026-03-06T18:09:59Z,2026-03-06,2461106.25694,0.45,,Vis.,MPIB,2026-05-28T07:20:35Z
AAVSO,ALF ORI,1324281353,,2026-03-06T18:28:48Z,2026-03-06,2461106.27,0.4,,Vis.,MQA,2026-05-28T07:20:35Z
AAVSO,ALF ORI,1326247314,,2026-03-06T19:11:59Z,2026-03-06,2461106.3,0.65,,Vis.,SYU,2026-05-28T07:20:35Z
AAVSO,ALF ORI,1325340501,,2026-03-06T20:30:02Z,2026-03-06,2461106.3542,0.4,,Vis.,VFK,2026-05-28T07:20:35Z
AAVSO,ALF ORI,1324309108,,2026-03-07T00:20:59Z,2026-03-07,2461106.51458,0.7,,Vis.,SSHA,2026-05-28T07:20:35Z
AAVSO,000-BBK-383,1324284707,,2026-03-07T01:25:00Z,2026-03-07,2461106.55903,0.3,,Vis.,WALG,2026-05-28T07:20:35Z
AAVSO,alf Ori,1324285425,STD,2026-03-07T04:35:54Z,2026-03-07,2461106.6916,0.53,,Vis.,SASC,2026-05-28T07:20:35Z
AAVSO,Betelgeuse,1324417106,,2026-03-07T16:39:59Z,2026-03-07,2461107.19444,0.43,,Vis.,BCAD,2026-05-28T07:20:35Z
AAVSO,alp ori,1324350769,,2026-03-07T17:19:59Z,2026-03-07,2461107.22222,0.5,,Vis.,MOSB,2026-05-28T07:20:35Z
AAVSO,Alpha Ori,1324312120,,2026-03-07T18:04:00Z,2026-03-07,2461107.25278,0.7,,Vis.,CSZ,2026-05-28T07:20:35Z
AAVSO,Betelgeuse,1324317341,,2026-03-07T18:17:00Z,2026-03-07,2461107.26181,0.55,,Vis.,DMIB,2026-05-28T07:20:35Z
AAVSO,ALF ORI,1325340538,,2026-03-07T18:29:57Z,2026-03-07,2461107.2708,0.5,,Vis.,VFK,2026-05-28T07:20:35Z
AAVSO,ALF Ori,1325395571,,2026-03-07T19:11:59Z,2026-03-07,2461107.3,0.1,,Vis.,SPAO,2026-05-28T07:20:35Z
AAVSO,ALF ORI,1326247315,,2026-03-07T19:11:59Z,2026-03-07,2461107.3,0.65,,Vis.,SYU,2026-05-28T07:20:35Z
AAVSO,ALF ORI,1324801816,,2026-03-07T21:50:24Z,2026-03-07,2461107.41,0.5,,Vis.,SBEA,2026-05-28T07:20:35Z
AAVSO,alf Ori,1324316460,STD,2026-03-08T03:39:53Z,2026-03-08,2461107.6527,0.53,,Vis.,SASC,2026-05-28T07:20:35Z
AAVSO,alf ori,1324339546,,2026-03-08T18:29:57Z,2026-03-08,2461108.2708,0.6,,Vis.,WBOA,2026-05-28T07:20:35Z
AAVSO,alf ori,1324335778,,2026-03-08T18:29:59Z,2026-03-08,2461108.27083,0.5,,Vis.,MFB,2026-05-28T07:20:35Z
AAVSO,Alf Ori,1324536988,,2026-03-08T18:46:56Z,2026-03-08,2461108.2826,0.5,,Vis.,LCR,2026-05-28T07:20:35Z
AAVSO,Betelgeuse,1324335791,,2026-03-08T19:00:00Z,2026-03-08,2461108.29167,0.5,,Vis.,MPIB,2026-05-28T07:20:35Z
AAVSO,ALF ORI,1326247316,,2026-03-08T19:11:59Z,2026-03-08,2461108.3,0.65,,Vis.,SYU,2026-05-28T07:20:35Z
AAVSO,ALF ORI,1324335779,,2026-03-08T19:19:12Z,2026-03-08,2461108.305,0.4,,Vis.,MQA,2026-05-28T07:20:35Z
AAVSO,ALF ORI,1324801817,,2026-03-08T19:40:47Z,2026-03-08,2461108.32,0.6,,Vis.,SBEA,2026-05-28T07:20:35Z
AAVSO,alpha Ori,1324357481,,2026-03-09T08:24:00Z,2026-03-09,2461108.85,0.44,,Vis.,ERW,2026-05-28T07:20:35Z
AAVSO,ALF ORI,1325413353,,2026-03-09T10:10:33Z,2026-03-09,2461108.924,0.5,,Vis.,ONOB,2026-05-28T07:20:35Z
AAVSO,alf Ori,1324345598,STD,2026-03-09T10:59:57Z,2026-03-09,2461108.9583,0.45,,Vis.,SRX,2026-05-28T07:20:35Z
AAVSO,alf ori,1324350798,,2026-03-09T12:58:00Z,2026-03-09,2461109.04028,0.7,,Vis.,SANG,2026-05-28T07:20:35Z
AAVSO,alf Ori,1325644359,,2026-03-09T17:28:59Z,2026-03-09,2461109.22847,0.41,,Vis.,SIVB,2026-05-28T07:20:35Z
AAVSO,ALF ORI,1324354860,,2026-03-09T17:29:45Z,2026-03-09,2461109.229,0.4,,Vis.,MQA,2026-05-28T07:20:35Z
AAVSO,Alf ori,1324492503,,2026-03-09T18:29:57Z,2026-03-09,2461109.2708,0.6,,Vis.,WBOA,2026-05-28T07:20:35Z
AAVSO,Betelgeuse,1324357482,,2026-03-09T19:00:00Z,2026-03-09,2461109.29167,0.5,,Vis.,MPIB,2026-05-28T07:20:35Z
AAVSO,ALF ORI,1326247317,,2026-03-09T19:11:59Z,2026-03-09,2461109.3,0.65,,Vis.,SYU,2026-05-28T07:20:35Z
AAVSO,ALF ORI,1325340583,,2026-03-09T19:31:00Z,2026-03-09,2461109.3132,0.4,,Vis.,VFK,2026-05-28T07:20:35Z
AAVSO,ALF ORI,1324359661,,2026-03-10T00:42:59Z,2026-03-10,2461109.52986,0.65,,Vis.,SSHA,2026-05-28T07:20:35Z
AAVSO,alf Ori,1324361246,STD,2026-03-10T01:34:00Z,2026-03-10,2461109.56527778,0.4,,Vis.,KMAX,2026-05-28T07:20:35Z
AAVSO,alf Ori,1325387310,STD,2026-03-10T01:39:59Z,2026-03-10,2461109.569444,0.4,,Vis.,SNE,2026-05-28T07:20:35Z
AAVSO,alf Ori,1324361102,STD,2026-03-10T05:43:52Z,2026-03-10,2461109.7388,0.48,,Vis.,SASC,2026-05-28T07:20:35Z
AAVSO,alf Ori,1324371742,,2026-03-10T09:18:00Z,2026-03-10,2461109.8875,0.6,,Vis.,GALT,2026-05-28T07:20:35Z
AAVSO,alf Ori,1324376684,STD,2026-03-10T10:06:57Z,2026-03-10,2461109.9215,0.45,,Vis.,SRX,2026-05-28T07:20:35Z
AAVSO,Betelgeuse,1324417107,,2026-03-10T16:00:00Z,2026-03-10,2461110.16667,0.42,,Vis.,BCAD,2026-05-28T07:20:35Z
AAVSO,ALF ORI,1324369137,,2026-03-10T17:49:55Z,2026-03-10,2461110.243,0.4,,Vis.,MQA,2026-05-28T07:20:35Z
AAVSO,alp ori,1324376990,,2026-03-10T18:00:00Z,2026-03-10,2461110.25,0.5,,Vis.,MOSB,2026-05-28T07:20:35Z
AAVSO,ALF ORI,1324730618,STD,2026-03-10T18:09:30Z,2026-03-10,2461110.2566,0.526,0.013,V,VOL,2026-05-28T07:20:35Z
AAVSO,ALF ORI,1325340598,,2026-03-10T18:11:57Z,2026-03-10,2461110.2583,0.5,,Vis.,VFK,2026-05-28T07:20:35Z
AAVSO,Betelgeuse,1324369865,,2026-03-10T19:39:59Z,2026-03-10,2461110.31944,0.55,,Vis.,MPIB,2026-05-28T07:20:35Z
AAVSO,alf Ori,1324386727,,2026-03-11T11:09:01Z,2026-03-11,2461110.9646,0.6,,Vis.,GALT,2026-05-28T07:20:35Z
AAVSO,ALF ORI,1324383670,,2026-03-11T17:29:45Z,2026-03-11,2461111.229,0.5,,Vis.,MQA,2026-05-28T07:20:35Z
AAVSO,ALF ORI,1324392209,,2026-03-11T18:47:57Z,2026-03-11,2461111.2833,0.6,,Vis.,NDQ,2026-05-28T07:20:35Z
AAVSO,alf Ori,1324386111,STD,2026-03-11T19:06:57Z,2026-03-11,2461111.2965,0.53,,Vis.,DPV,2026-05-28T07:20:35Z
AAVSO,Betelgeuse,1324401953,,2026-03-11T19:34:59Z,2026-03-11,2461111.31597,0.55,,Vis.,MPIB,2026-05-28T07:20:35Z
AAVSO,ALF ORI,1324801818,,2026-03-11T21:35:59Z,2026-03-11,2461111.4,0.5,,Vis.,SBEA,2026-05-28T07:20:35Z
AAVSO,ALF ORI,1324422441,STD,2026-03-12T02:51:04Z,2026-03-12,2461111.6188,0.547,0.006,V,KPL,2026-05-28T07:20:35Z
AAVSO,alf Ori,1324484576,,2026-03-12T09:26:03Z,2026-03-12,2461111.8931,0.6,,Vis.,GALT,2026-05-28T07:20:35Z
AAVSO,ALF ORI,1325413354,,2026-03-12T10:59:31Z,2026-03-12,2461111.958,0.7,,Vis.,ONOB,2026-05-28T07:20:35Z
AAVSO,Betelgeuse,1324417111,,2026-03-12T15:40:00Z,2026-03-12,2461112.15278,0.39,,Vis.,BCAD,2026-05-28T07:20:35Z
AAVSO,ALF ORI,1325304884,,2026-03-12T18:00:00Z,2026-03-12,2461112.25,0.5,,Vis.,KSZ,2026-05-28T07:20:35Z
AAVSO,ALF ORI,1325340618,,2026-03-12T18:08:03Z,2026-03-12,2461112.2556,0.4,,Vis.,VFK,2026-05-28T07:20:35Z
AAVSO,ALF ORI,1324422190,STD,2026-03-12T18:26:34Z,2026-03-12,2461112.26846,0.509,0.032,V,NOT,2026-05-28T07:20:35Z
AAVSO,alp ori,1324419762,,2026-03-12T18:29:59Z,2026-03-12,2461112.27083,0.5,,Vis.,MOSB,2026-05-28T07:20:35Z
AAVSO,ALF ORI,1324401404,,2026-03-12T18:38:52Z,2026-03-12,2461112.277,0.5,,Vis.,MQA,2026-05-28T07:20:35Z
AAVSO,Betelgeuse,1324401952,,2026-03-12T19:05:00Z,2026-03-12,2461112.29514,0.5,,Vis.,MPIB,2026-05-28T07:20:35Z
AAVSO,ALF Ori,1325395572,,2026-03-12T19:11:59Z,2026-03-12,2461112.3,0.3,,Vis.,SPAO,2026-05-28T07:20:35Z
AAVSO,ALF ORI,1326247318,,2026-03-12T19:11:59Z,2026-03-12,2461112.3,0.65,,Vis.,SYU,2026-05-28T07:20:35Z
AAVSO,Alf Ori,1325269306,,2026-03-12T20:55:59Z,2026-03-12,2461112.37222,0.7,,Vis.,MPTA,2026-05-28T07:20:35Z
AAVSO,alf Ori,1325430986,STD,2026-03-13T00:00:00Z,2026-03-13,2461112.5,0.7,,Vis.,MOW,2026-05-28T07:20:35Z
AAVSO,ALF ORI,1324484094,,2026-03-13T01:32:59Z,2026-03-13,2461112.56458,0.5,,Vis.,CKB,2026-05-28T07:20:35Z
AAVSO,alf Ori,1324416091,STD,2026-03-13T06:09:56Z,2026-03-13,2461112.7569,0.56,,Vis.,SASC,2026-05-28T07:20:35Z
AAVSO,alf Ori,1324485313,STD,2026-03-13T10:02:03Z,2026-03-13,2461112.9181,0.48,,Vis.,SRX,2026-05-28T07:20:35Z
AAVSO,alf Ori,1324484577,,2026-03-13T10:02:55Z,2026-03-13,2461112.9187,0.6,,Vis.,GALT,2026-05-28T07:20:35Z
AAVSO,alf Ori,1325810166,STD,2026-03-13T12:00:00Z,2026-03-13,2461113.0,1.2,,Vis.,RAPA,2026-05-28T07:20:35Z
AAVSO,ALF ORI,1324422422,,2026-03-13T16:39:21Z,2026-03-13,2461113.194,0.4,,Vis.,MQA,2026-05-28T07:20:35Z
AAVSO,alp ori,1324468825,,2026-03-13T17:44:59Z,2026-03-13,2461113.23958,0.5,,Vis.,MOSB,2026-05-28T07:20:35Z
AAVSO,alf Ori,1325644360,,2026-03-13T18:00:59Z,2026-03-13,2461113.25069,0.34,,Vis.,SIVB,2026-05-28T07:20:35Z
AAVSO,ALF ORI,1324730619,STD,2026-03-13T18:33:15Z,2026-03-13,2461113.2731,0.532,0.01,V,VOL,2026-05-28T07:20:35Z
AAVSO,ALF ORI,1325348863,,2026-03-13T18:43:11Z,2026-03-13,2461113.28,0.7,,Vis.,JLZ,2026-05-28T07:20:35Z
AAVSO,Alf Ori,1325304981,,2026-03-13T18:55:00Z,2026-03-13,2461113.2882,0.6,,Vis.,LCR,2026-05-28T07:20:35Z
AAVSO,Betelgeuse,1324425921,,2026-03-13T19:00:00Z,2026-03-13,2461113.29167,0.45,,Vis.,MPIB,2026-05-28T07:20:35Z
AAVSO,ALF ORI,1326026617,,2026-03-13T19:11:59Z,2026-03-13,2461113.3,0.6,,Vis.,REP,2026-05-28T07:20:35Z
AAVSO,alpha ori,1325405285,,2026-03-13T19:23:57Z,2026-03-13,2461113.3083,0.7,,Vis.,DNO,2026-05-28T07:20:35Z
AAVSO,alpha Ori,1325662912,,2026-03-14T03:00:00Z,2026-03-14,2461113.625,0.2,,Vis.,SGE,2026-05-28T07:20:35Z
AAVSO,alf Ori,1324484578,,2026-03-14T09:55:00Z,2026-03-14,2461113.9132,0.6,,Vis.,GALT,2026-05-28T07:20:35Z
AAVSO,alf Ori,1325810171,STD,2026-03-14T12:00:00Z,2026-03-14,2461114.0,1.21,,Vis.,RAPA,2026-05-28T07:20:35Z
AAVSO,alf ori,1324475014,,2026-03-14T12:20:00Z,2026-03-14,2461114.01389,0.7,,Vis.,SANG,2026-05-28T07:20:35Z
AAVSO,Betelgeuse,1324590790,,2026-03-14T15:20:00Z,2026-03-14,2461114.13889,0.45,,Vis.,BCAD,2026-05-28T07:20:35Z
AAVSO,ALF ORI,1324476387,,2026-03-14T16:59:31Z,2026-03-14,2461114.208,0.4,,Vis.,MQA,2026-05-28T07:20:35Z
AAVSO,alf ori,1324484526,,2026-03-15T00:38:00Z,2026-03-15,2461114.52639,0.55,,Vis.,DMPA,2026-05-28T07:20:35Z
AAVSO,alf Ori,1324499848,,2026-03-15T09:40:01Z,2026-03-15,2461114.9028,0.5,,Vis.,GALT,2026-05-28T07:20:35Z
AAVSO,alf Ori,1325810185,STD,2026-03-15T12:00:00Z,2026-03-15,2461115.0,1.34,,Vis.,RAPA,2026-05-28T07:20:35Z
AAVSO,Betelgeuse,1324590792,,2026-03-15T16:05:00Z,2026-03-15,2461115.17014,0.49,,Vis.,BCAD,2026-05-28T07:20:35Z
AAVSO,ALF ORI,1324491725,,2026-03-15T16:59:31Z,2026-03-15,2461115.208,0.5,,Vis.,MQA,2026-05-28T07:20:35Z
AAVSO,alf Ori,1325644361,,2026-03-15T18:04:59Z,2026-03-15,2461115.25347,0.36,,Vis.,SIVB,2026-05-28T07:20:35Z
AAVSO,ALF ORI,1324730620,STD,2026-03-15T18:26:12Z,2026-03-15,2461115.2682,0.546,0.012,V,VOL,2026-05-28T07:20:35Z
AAVSO,Alf ori,1324492502,,2026-03-15T18:29:57Z,2026-03-15,2461115.2708,0.8,,Vis.,WBOA,2026-05-28T07:20:35Z
AAVSO,alf Ori,1324492365,STD,2026-03-15T18:33:15Z,2026-03-15,2461115.2731,0.7,,Vis.,AVAD,2026-05-28T07:20:35Z
AAVSO,ALF ORI,1326247319,,2026-03-15T19:11:59Z,2026-03-15,2461115.3,0.65,,Vis.,SYU,2026-05-28T07:20:35Z
AAVSO,alf Ori,1326031989,STD,2026-03-15T19:43:58Z,2026-03-15,2461115.3222,0.7,,Vis.,WJOB,2026-05-28T07:20:35Z
AAVSO,ALF ORI,1325413355,,2026-03-16T10:48:00Z,2026-03-16,2461115.95,0.7,,Vis.,ONOB,2026-05-28T07:20:35Z
AAVSO,alf Ori,1325820639,STD,2026-03-16T12:00:00Z,2026-03-16,2461116.0,1.44,,Vis.,RAPA,2026-05-28T07:20:35Z
AAVSO,ALF ORI,1326247320,,2026-03-16T19:11:59Z,2026-03-16,2461116.3,0.65,,Vis.,SYU,2026-05-28T07:20:35Z
AAVSO,alf Ori,1324535692,,2026-03-16T19:59:00Z,2026-03-16,2461116.33264,0.45,,Vis.,SGQ,2026-05-28T07:20:35Z
AAVSO,alf ori,1324515539,,2026-03-16T19:59:31Z,2026-03-16,2461116.333,0.5,,Vis.,WBOA,2026-05-28T07:20:35Z
AAVSO,alf Ori,1324515552,STD,2026-03-17T06:14:58Z,2026-03-17,2461116.7604,0.47,,Vis.,SASC,2026-05-28T07:20:35Z
AAVSO,alf Ori,1325820638,STD,2026-03-17T12:00:00Z,2026-03-17,2461117.0,1.47,,Vis.,RAPA,2026-05-28T07:20:35Z
AAVSO,ALF ORI,1324524509,,2026-03-17T16:39:21Z,2026-03-17,2461117.194,0.5,,Vis.,MQA,2026-05-28T07:20:35Z
AAVSO,alf Ori,1325644364,,2026-03-17T18:09:59Z,2026-03-17,2461117.25694,0.41,,Vis.,SIVB,2026-05-28T07:20:35Z
AAVSO,ALF ORI,1325340680,,2026-03-17T18:44:03Z,2026-03-17,2461117.2806,0.4,,Vis.,VFK,2026-05-28T07:20:35Z
AAVSO,ALF ORI,1326247321,,2026-03-17T19:11:59Z,2026-03-17,2461117.3,0.7,,Vis.,SYU,2026-05-28T07:20:35Z
AAVSO,Betelgeuse,1324526767,,2026-03-17T19:20:00Z,2026-03-17,2461117.30556,0.5,,Vis.,MPIB,2026-05-28T07:20:35Z
AAVSO,alf Ori,1324535691,,2026-03-17T19:59:00Z,2026-03-17,2461117.33264,0.45,,Vis.,SGQ,2026-05-28T07:20:35Z
AAVSO,ALF ORI,1325777925,,2026-03-17T19:59:31Z,2026-03-17,2461117.333,0.4,,Vis.,SRBR,2026-05-28T07:20:35Z
AAVSO,alf Ori,1325810183,STD,2026-03-18T12:00:00Z,2026-03-18,2461118.0,1.485,,Vis.,RAPA,2026-05-28T07:20:35Z
AAVSO,ALF ORI,1324537062,,2026-03-18T16:29:16Z,2026-03-18,2461118.187,0.4,,Vis.,MQA,2026-05-28T07:20:35Z
AAVSO,ALF ORI,1324548982,STD,2026-03-18T17:51:07Z,2026-03-18,2461118.24384,0.577,0.009,V,NOT,2026-05-28T07:20:35Z
AAVSO,alf Ori,1325644365,,2026-03-18T18:24:59Z,2026-03-18,2461118.26736,0.55,,Vis.,SIVB,2026-05-28T07:20:35Z
AAVSO,ALF ORI,1324730621,STD,2026-03-18T18:31:40Z,2026-03-18,2461118.272,0.556,0.008,V,VOL,2026-05-28T07:20:35Z
AAVSO,Alf Ori,1325561728,,2026-03-18T18:56:00Z,2026-03-18,2461118.2889,0.6,,Vis.,LCR,2026-05-28T07:20:35Z
AAVSO,ALF ORI,1324546969,,2026-03-18T19:05:57Z,2026-03-18,2461118.2958,0.6,,Vis.,NDQ,2026-05-28T07:20:35Z
AAVSO,alpha ori,1324659915,,2026-03-18T20:39:00Z,2026-03-18,2461118.36042,0.6,,Vis.,REE,2026-05-28T07:20:35Z
AAVSO,alf Ori,1324545439,STD,2026-03-19T00:47:59Z,2026-03-19,2461118.53333333,0.5,,Vis.,KMAX,2026-05-28T07:20:35Z
AAVSO,000-BBK-383,1324545817,,2026-03-19T01:30:00Z,2026-03-19,2461118.5625,0.4,,Vis.,WALG,2026-05-28T07:20:35Z
AAVSO,alf Ori,1324549616,STD,2026-03-19T02:40:42Z,2026-03-19,2461118.6116,0.52,,Vis.,SASC,2026-05-28T07:20:35Z
AAVSO,ALF ORI,1325413356,,2026-03-19T11:00:57Z,2026-03-19,2461118.959,0.7,,Vis.,ONOB,2026-05-28T07:20:35Z
AAVSO,alf Ori,1325810181,STD,2026-03-19T12:00:00Z,2026-03-19,2461119.0,1.48,,Vis.,RAPA,2026-05-28T07:20:35Z
AAVSO,Betelgeuse,1324590794,,2026-03-19T15:20:00Z,2026-03-19,2461119.13889,0.51,,Vis.,BCAD,2026-05-28T07:20:35Z
AAVSO,ALF Ori,1325395579,,2026-03-19T19:11:59Z,2026-03-19,2461119.3,0.3,,Vis.,SPAO,2026-05-28T07:20:35Z
AAVSO,Alf Ori,1325578041,,2026-03-19T20:30:00Z,2026-03-19,2461119.35417,0.6,,Vis.,CLAC,2026-05-28T07:20:35Z
AAVSO,ALF ORI,1324801819,,2026-03-19T21:21:36Z,2026-03-19,2461119.39,0.5,,Vis.,SBEA,2026-05-28T07:20:35Z
AAVSO,alf Ori,1324572562,STD,2026-03-19T22:54:59Z,2026-03-19,2461119.45486,0.65,,Vis.,FADC,2026-05-28T07:20:35Z
AAVSO,alf Ori,1324627598,,2026-03-20T11:34:56Z,2026-03-20,2461119.9826,0.6,,Vis.,GALT,2026-05-28T07:20:35Z
AAVSO,alf ori,1324576008,,2026-03-20T13:34:00Z,2026-03-20,2461120.06528,0.6,,Vis.,SANG,2026-05-28T07:20:35Z
AAVSO,Betelgeuse,1324654447,,2026-03-20T15:29:59Z,2026-03-20,2461120.14583,0.49,,Vis.,BCAD,2026-05-28T07:20:35Z
AAVSO,Betelgeuse,1324618564,,2026-03-20T18:29:59Z,2026-03-20,2461120.27083,0.4,,Vis.,MPIB,2026-05-28T07:20:35Z
AAVSO,ALF ORI,1324580763,,2026-03-20T18:59:02Z,2026-03-20,2461120.291,0.5,,Vis.,MQA,2026-05-28T07:20:35Z
AAVSO,alf Ori,1324589644,STD,2026-03-21T01:14:00Z,2026-03-21,2461120.55138889,0.55,,Vis.,KMAX,2026-05-28T07:20:35Z
AAVSO,ALF ORI,1324618414,,2026-03-21T01:52:59Z,2026-03-21,2461120.57847,0.6,,Vis.,CKB,2026-05-28T07:20:35Z
AAVSO,Betelgeuse,1324618565,,2026-03-21T19:00:00Z,2026-03-21,2461121.29167,0.4,,Vis.,MPIB,2026-05-28T07:20:35Z
AAVSO,ALF ORI,1326247322,,2026-03-21T19:11:59Z,2026-03-21,2461121.3,0.65,,Vis.,SYU,2026-05-28T07:20:35Z
AAVSO,alpha ori,1325405289,,2026-03-21T19:16:53Z,2026-03-21,2461121.3034,0.7,,Vis.,DNO,2026-05-28T07:20:35Z
AAVSO,alf Ori,1325644366,,2026-03-21T19:20:00Z,2026-03-21,2461121.30556,0.51,,Vis.,SIVB,2026-05-28T07:20:35Z
AAVSO,alf Ori,1325644367,,2026-03-21T19:20:00Z,2026-03-21,2461121.30556,0.48,,Vis.,SIVB,2026-05-28T07:20:35Z
AAVSO,alf ori,1325558678,,2026-03-21T19:59:31Z,2026-03-21,2461121.333,0.6,,Vis.,WBOA,2026-05-28T07:20:35Z
AAVSO,alf Ori,1324615248,STD,2026-03-22T00:45:00Z,2026-03-22,2461121.53125,0.5,,Vis.,KMAX,2026-05-28T07:20:35Z
AAVSO,000-BBK-383,1324615785,,2026-03-22T03:59:54Z,2026-03-22,2461121.6666,0.3,,Vis.,WALG,2026-05-28T07:20:35Z
AAVSO,alf Ori,1324617207,STD,2026-03-22T05:19:06Z,2026-03-22,2461121.7216,0.63,,Vis.,SASC,2026-05-28T07:20:35Z
AAVSO,alf Ori,1324630300,STD,2026-03-22T09:41:02Z,2026-03-22,2461121.9035,0.5,,Vis.,SRX,2026-05-28T07:20:35Z
AAVSO,Betelgeuse,1324654448,,2026-03-22T15:40:00Z,2026-03-22,2461122.15278,0.51,,Vis.,BCAD,2026-05-28T07:20:35Z
AAVSO,alp ori,1324656278,,2026-03-22T16:45:00Z,2026-03-22,2461122.19792,0.6,,Vis.,MOSB,2026-05-28T07:20:35Z
AAVSO,ALF ORI,1324618956,,2026-03-22T17:19:40Z,2026-03-22,2461122.222,0.5,,Vis.,MQA,2026-05-28T07:20:35Z
AAVSO,ALF ORI,1324666093,STD,2026-03-22T17:29:15Z,2026-03-22,2461122.22865,0.595,0.009,V,NOT,2026-05-28T07:20:35Z
AAVSO,Betelgeuse,1324626525,,2026-03-22T18:35:00Z,2026-03-22,2461122.27431,0.45,,Vis.,MPIB,2026-05-28T07:20:35Z
AAVSO,ALF ORI,1325340763,,2026-03-22T18:44:03Z,2026-03-22,2461122.2806,0.5,,Vis.,VFK,2026-05-28T07:20:35Z
AAVSO,ALF ORI,1324730622,STD,2026-03-22T18:45:21Z,2026-03-22,2461122.2815,0.567,0.012,V,VOL,2026-05-28T07:20:35Z
AAVSO,ALF ORI,1324730623,STD,2026-03-22T18:47:57Z,2026-03-22,2461122.2833,0.494,0.013,V,VOL,2026-05-28T07:20:35Z
AAVSO,Betelgeuse,1325302741,,2026-03-22T18:56:59Z,2026-03-22,2461122.28958,0.64,,Vis.,DMIB,2026-05-28T07:20:35Z
AAVSO,alf ori,1325558679,,2026-03-22T19:00:02Z,2026-03-22,2461122.2917,0.6,,Vis.,WBOA,2026-05-28T07:20:35Z
AAVSO,ALF ORI,1326247323,,2026-03-22T19:11:59Z,2026-03-22,2461122.3,0.65,,Vis.,SYU,2026-05-28T07:20:35Z
AAVSO,ALF ORI,1325409564,,2026-03-22T22:28:59Z,2026-03-22,2461122.4368,0.6,,Vis.,AAX,2026-05-28T07:20:35Z
AAVSO,alf Ori,1325430987,STD,2026-03-23T00:00:00Z,2026-03-23,2461122.5,0.7,,Vis.,MOW,2026-05-28T07:20:35Z
AAVSO,alpha Ori,1324654118,,2026-03-23T09:21:36Z,2026-03-23,2461122.89,0.4,,Vis.,ERW,2026-05-28T07:20:35Z
AAVSO,alf Ori,1324655783,STD,2026-03-23T09:45:56Z,2026-03-23,2461122.9069,0.5,,Vis.,SRX,2026-05-28T07:20:35Z
AAVSO,Betelgeuse,1324654449,,2026-03-23T15:24:59Z,2026-03-23,2461123.14236,0.55,,Vis.,BCAD,2026-05-28T07:20:35Z
AAVSO,ALF ORI,1324649732,,2026-03-23T16:29:16Z,2026-03-23,2461123.187,0.5,,Vis.,MQA,2026-05-28T07:20:35Z
AAVSO,alp ori,1324656313,,2026-03-23T16:50:00Z,2026-03-23,2461123.20139,0.6,,Vis.,MOSB,2026-05-28T07:20:35Z
AAVSO,Alf Ori,1325561775,,2026-03-23T19:03:04Z,2026-03-23,2461123.2938,0.6,,Vis.,LCR,2026-05-28T07:20:35Z
AAVSO,Betelgeuse,1324653841,,2026-03-23T19:05:00Z,2026-03-23,2461123.29514,0.55,,Vis.,MPIB,2026-05-28T07:20:35Z
AAVSO,ALF ORI,1325409565,,2026-03-23T22:33:01Z,2026-03-23,2461123.4396,0.6,,Vis.,AAX,2026-05-28T07:20:35Z
AAVSO,Alpha Ori,1324654117,,2026-03-24T01:18:00Z,2026-03-24,2461123.55417,0.7,,Vis.,CLQ,2026-05-28T07:20:35Z
AAVSO,alf Ori,1325387344,STD,2026-03-24T01:34:59Z,2026-03-24,2461123.565972,0.5,,Vis.,SNE,2026-05-28T07:20:35Z
AAVSO,Betelgeuse,1324801763,,2026-03-24T16:50:00Z,2026-03-24,2461124.20139,0.55,,Vis.,BCAD,2026-05-28T07:20:35Z
AAVSO,alp ori,1324731884,,2026-03-24T16:59:59Z,2026-03-24,2461124.20833,0.6,,Vis.,MOSB,2026-05-28T07:20:35Z
AAVSO,ALF ORI,1324730624,STD,2026-03-24T18:25:37Z,2026-03-24,2461124.2678,0.585,0.008,V,VOL,2026-05-28T07:20:35Z
AAVSO,ALF ORI,1324730625,STD,2026-03-24T18:28:39Z,2026-03-24,2461124.2699,0.578,0.004,V,VOL,2026-05-28T07:20:35Z
AAVSO,alf ori,1324662641,,2026-03-24T18:49:00Z,2026-03-24,2461124.28403,0.6,,Vis.,MFB,2026-05-28T07:20:35Z
AAVSO,ALF ORI,1324730626,STD,2026-03-24T19:04:39Z,2026-03-24,2461124.2949,0.546,0.007,V,VOL,2026-05-28T07:20:35Z
AAVSO,ALF ORI,1324705291,,2026-03-25T18:28:48Z,2026-03-25,2461125.27,0.5,,Vis.,MQA,2026-05-28T07:20:35Z
AAVSO,alf ori,1325558680,,2026-03-25T19:00:02Z,2026-03-25,2461125.2917,0.6,,Vis.,WBOA,2026-05-28T07:20:35Z
AAVSO,ALF ORI,1326247324,,2026-03-25T19:11:59Z,2026-03-25,2461125.3,0.7,,Vis.,SYU,2026-05-28T07:20:35Z
AAVSO,Betelgeuse,1324801764,,2026-03-26T15:45:00Z,2026-03-26,2461126.15625,0.54,,Vis.,BCAD,2026-05-28T07:20:35Z
AAVSO,ALF Ori,1325395580,,2026-03-26T19:11:59Z,2026-03-26,2461126.3,0.4,,Vis.,SPAO,2026-05-28T07:20:35Z
AAVSO,ALF ORI,1326247325,,2026-03-26T19:11:59Z,2026-03-26,2461126.3,0.7,,Vis.,SYU,2026-05-28T07:20:35Z
AAVSO,ALF ORI,1325409566,,2026-03-26T22:26:58Z,2026-03-26,2461126.4354,0.5,,Vis.,AAX,2026-05-28T07:20:35Z
AAVSO,alf ori,1324795519,,2026-03-27T12:58:59Z,2026-03-27,2461127.04097,0.6,,Vis.,SANG,2026-05-28T07:20:35Z
AAVSO,Betelgeuse,1324801765,,2026-03-27T15:29:59Z,2026-03-27,2461127.14583,0.52,,Vis.,BCAD,2026-05-28T07:20:35Z
AAVSO,ALF ORI,1324796664,,2026-03-27T18:18:43Z,2026-03-27,2461127.263,0.5,,Vis.,MQA,2026-05-28T07:20:35Z
AAVSO,Betelgeuse,1324800832,,2026-03-27T19:09:59Z,2026-03-27,2461127.29861,0.5,,Vis.,MPIB,2026-05-28T07:20:35Z
AAVSO,Alf Ori,1325562107,,2026-03-27T19:39:56Z,2026-03-27,2461127.3194,0.5,,Vis.,LCR,2026-05-28T07:20:35Z
AAVSO,alf ori,1325558681,,2026-03-27T19:59:31Z,2026-03-27,2461127.333,0.6,,Vis.,WBOA,2026-05-28T07:20:35Z
AAVSO,ALF ORI,1325078969,,2026-03-28T01:39:00Z,2026-03-28,2461127.56875,0.6,,Vis.,CKB,2026-05-28T07:20:35Z
AAVSO,ALF ORI,1324820302,,2026-03-28T16:59:31Z,2026-03-28,2461128.208,0.4,,Vis.,MQA,2026-05-28T07:20:35Z
AAVSO,ALF ORI,1325409567,,2026-03-28T22:28:59Z,2026-03-28,2461128.4368,0.5,,Vis.,AAX,2026-05-28T07:20:35Z
AAVSO,Betelgeuse,1325479825,,2026-03-29T17:05:00Z,2026-03-29,2461129.21181,0.52,,Vis.,BCAD,2026-05-28T07:20:35Z
AAVSO,ALF Ori,1325395581,,2026-03-29T19:11:59Z,2026-03-29,2461129.3,0.4,,Vis.,SPAO,2026-05-28T07:20:35Z
AAVSO,ALF ORI,1325409568,,2026-03-29T22:21:04Z,2026-03-29,2461129.4313,0.5,,Vis.,AAX,2026-05-28T07:20:35Z
AAVSO,alf Ori,1325279218,,2026-03-30T09:48:57Z,2026-03-30,2461129.909,0.6,,Vis.,GALT,2026-05-28T07:20:35Z
AAVSO,Betelgeuse,1325479826,,2026-03-30T15:49:59Z,2026-03-30,2461130.15972,0.47,,Vis.,BCAD,2026-05-28T07:20:35Z
AAVSO,alp ori,1325292116,,2026-03-30T17:39:59Z,2026-03-30,2461130.23611,0.6,,Vis.,MOSB,2026-05-28T07:20:35Z
AAVSO,ALF ORI,1325340841,,2026-03-30T18:58:01Z,2026-03-30,2461130.2903,0.4,,Vis.,VFK,2026-05-28T07:20:35Z
AAVSO,ALF ORI,1326247326,,2026-03-30T19:11:59Z,2026-03-30,2461130.3,0.7,,Vis.,SYU,2026-05-28T07:20:35Z
AAVSO,alf Ori,1325280880,,2026-03-31T09:44:03Z,2026-03-31,2461130.9056,0.6,,Vis.,GALT,2026-05-28T07:20:35Z
AAVSO,alf Ori,1325299761,STD,2026-03-31T09:45:56Z,2026-03-31,2461130.9069,0.5,,Vis.,SRX,2026-05-28T07:20:35Z
AAVSO,Betelgeuse,1325479827,,2026-03-31T16:50:00Z,2026-03-31,2461131.20139,0.47,,Vis.,BCAD,2026-05-28T07:20:35Z
AAVSO,ALF ORI,1326247327,,2026-03-31T19:11:59Z,2026-03-31,2461131.3,0.7,,Vis.,SYU,2026-05-28T07:20:35Z
AAVSO,ALF ORI,1325409569,,2026-03-31T22:16:01Z,2026-03-31,2461131.4278,0.5,,Vis.,AAX,2026-05-28T07:20:35Z
AAVSO,Betelgeuse,1325479828,,2026-04-01T15:20:00Z,2026-04-01,2461132.13889,0.54,,Vis.,BCAD,2026-05-28T07:20:35Z
AAVSO,ALF ORI,1325323581,STD,2026-04-01T17:26:45Z,2026-04-01,2461132.22692,0.635,0.006,V,NOT,2026-05-28T07:20:35Z
AAVSO,Alf Ori,1325627710,,2026-04-01T18:31:58Z,2026-04-01,2461132.2722,0.5,,Vis.,LCR,2026-05-28T07:20:35Z
AAVSO,ALF ORI,1326247328,,2026-04-01T19:11:59Z,2026-04-01,2461132.3,0.7,,Vis.,SYU,2026-05-28T07:20:35Z
AAVSO,Alf Ori,1325335912,,2026-04-01T19:18:59Z,2026-04-01,2461132.30486,0.7,,Vis.,MPTA,2026-05-28T07:20:35Z
AAVSO,alf ori,1325558687,,2026-04-01T19:59:31Z,2026-04-01,2461132.333,0.4,,Vis.,WBOA,2026-05-28T07:20:35Z
AAVSO,alf Ori,1325335329,STD,2026-04-02T00:56:00Z,2026-04-02,2461132.53888889,0.6,,Vis.,KMAX,2026-05-28T07:20:35Z
AAVSO,alf Ori,1325335400,STD,2026-04-02T03:09:00Z,2026-04-02,2461132.63125,0.62,,Vis.,SASC,2026-05-28T07:20:35Z
AAVSO,alf Ori,1325345664,,2026-04-02T09:03:01Z,2026-04-02,2461132.8771,0.6,,Vis.,GALT,2026-05-28T07:20:35Z
AAVSO,Betelgeuse,1325479829,,2026-04-02T15:40:00Z,2026-04-02,2461133.15278,0.52,,Vis.,BCAD,2026-05-28T07:20:35Z
AAVSO,Betelgeuse,1325342392,,2026-04-02T18:49:59Z,2026-04-02,2461133.28472,0.4,,Vis.,MPIB,2026-05-28T07:20:35Z
AAVSO,ALF ORI,1326026590,,2026-04-02T18:50:24Z,2026-04-02,2461133.285,0.4,,Vis.,BHA,2026-05-28T07:20:35Z
AAVSO,ALF ORI,1326025185,,2026-04-03T10:42:14Z,2026-04-03,2461133.946,0.6,,Vis.,ONOB,2026-05-28T07:20:35Z
AAVSO,alf ori,1325353517,,2026-04-03T11:37:00Z,2026-04-03,2461133.98403,0.7,,Vis.,SANG,2026-05-28T07:20:35Z
AAVSO,Alpha Ori,1325369966,,2026-04-03T18:00:59Z,2026-04-03,2461134.25069,0.6,,Vis.,CSZ,2026-05-28T07:20:35Z
AAVSO,alf ori,1325367259,,2026-04-03T18:26:00Z,2026-04-03,2461134.26806,0.55,,Vis.,MFB,2026-05-28T07:20:35Z
AAVSO,Betelgeuse,1325367661,,2026-04-03T19:00:00Z,2026-04-03,2461134.29167,0.55,,Vis.,MPIB,2026-05-28T07:20:35Z
AAVSO,alf Ori,1325424771,,2026-04-03T19:00:00Z,2026-04-03,2461134.29167,0.4,,Vis.,SGQ,2026-05-28T07:20:35Z
AAVSO,ALPHA ORI,1325405314,,2026-04-03T19:07:58Z,2026-04-03,2461134.2972,0.8,,Vis.,DNO,2026-05-28T07:20:35Z
AAVSO,alf Ori,1325578042,STD,2026-04-03T20:27:01Z,2026-04-03,2461134.3521,0.62,,Vis.,DPV,2026-05-28T07:20:35Z
AAVSO,alpha Ori,1325392748,,2026-04-04T07:55:12Z,2026-04-04,2461134.83,0.38,,Vis.,ERW,2026-05-28T07:20:35Z
AAVSO,alf Ori,1325391838,STD,2026-04-04T09:37:00Z,2026-04-04,2461134.9007,0.58,,Vis.,SRX,2026-05-28T07:20:35Z
AAVSO,ALF ORI,1325782003,,2026-04-04T18:14:23Z,2026-04-04,2461135.26,0.7,,Vis.,JLZ,2026-05-28T07:20:35Z
AAVSO,alf Ori,1325424772,,2026-04-04T19:00:00Z,2026-04-04,2461135.29167,0.45,,Vis.,SGQ,2026-05-28T07:20:35Z
AAVSO,Betelgeuse,1325413606,,2026-04-04T20:19:59Z,2026-04-04,2461135.34722,0.5,,Vis.,MPIB,2026-05-28T07:20:35Z
AAVSO,alf Ori,1325578049,STD,2026-04-04T20:41:59Z,2026-04-04,2461135.3625,0.65,,Vis.,DPV,2026-05-28T07:20:35Z
AAVSO,Betelgeuse,1325479830,,2026-04-05T15:45:00Z,2026-04-05,2461136.15625,0.54,,Vis.,BCAD,2026-05-28T07:20:35Z
AAVSO,ALF ORI,1325411577,,2026-04-05T18:28:48Z,2026-04-05,2461136.27,0.4,,Vis.,MQA,2026-05-28T07:20:35Z
AAVSO,alf Ori,1325424773,,2026-04-05T19:05:59Z,2026-04-05,2461136.29583,0.45,,Vis.,SGQ,2026-05-28T07:20:35Z
AAVSO,alp ori,1325428039,,2026-04-06T16:59:59Z,2026-04-06,2461137.20833,0.6,,Vis.,MOSB,2026-05-28T07:20:35Z
AAVSO,ALF ORI,1325615154,STD,2026-04-06T18:42:37Z,2026-04-06,2461137.2796,0.657,0.011,V,VOL,2026-05-28T07:20:35Z
AAVSO,ALF ORI,1325615155,STD,2026-04-06T18:45:30Z,2026-04-06,2461137.2816,0.665,0.006,V,VOL,2026-05-28T07:20:35Z
AAVSO,ALF ORI,1325421394,,2026-04-06T18:48:57Z,2026-04-06,2461137.284,0.4,,Vis.,MQA,2026-05-28T07:20:35Z
AAVSO,Betelgeuse,1325421853,,2026-04-06T18:49:59Z,2026-04-06,2461137.28472,0.4,,Vis.,MPIB,2026-05-28T07:20:35Z
AAVSO,ALF ORI,1326026591,,2026-04-06T19:00:28Z,2026-04-06,2461137.292,0.6,,Vis.,BHA,2026-05-28T07:20:35Z
AAVSO,ALF ORI,1325771699,,2026-04-06T19:06:57Z,2026-04-06,2461137.2965,0.4,,Vis.,VFK,2026-05-28T07:20:35Z
AAVSO,ALF Ori,1325701151,,2026-04-06T19:11:59Z,2026-04-06,2461137.3,0.3,,Vis.,SPAO,2026-05-28T07:20:35Z
AAVSO,ALF ORI,1326247329,,2026-04-06T19:11:59Z,2026-04-06,2461137.3,0.7,,Vis.,SYU,2026-05-28T07:20:35Z
AAVSO,ALF ORI,1325615156,STD,2026-04-06T19:13:17Z,2026-04-06,2461137.3009,0.664,0.01,V,VOL,2026-05-28T07:20:35Z
AAVSO,Alf Ori,1325644330,,2026-04-06T19:21:56Z,2026-04-06,2461137.3069,0.5,,Vis.,LCR,2026-05-28T07:20:35Z
AAVSO,alf ori,1325558683,,2026-04-06T19:59:31Z,2026-04-06,2461137.333,0.5,,Vis.,WBOA,2026-05-28T07:20:35Z
AAVSO,alf Ori,1326088257,STD,2026-04-07T00:00:00Z,2026-04-07,2461137.5,0.7,,Vis.,MOW,2026-05-28T07:20:35Z
AAVSO,ALF ORI,1325445548,,2026-04-07T01:23:59Z,2026-04-07,2461137.55833,0.7,,Vis.,CKB,2026-05-28T07:20:35Z
AAVSO,Betelgeuse,1325479831,,2026-04-07T15:49:59Z,2026-04-07,2461138.15972,0.57,,Vis.,BCAD,2026-05-28T07:20:35Z
AAVSO,ALF ORI,1325459330,STD,2026-04-07T16:31:15Z,2026-04-07,2461138.18837,0.644,0.011,V,NOT,2026-05-28T07:20:35Z
AAVSO,ALF ORI,1325431261,,2026-04-07T18:08:38Z,2026-04-07,2461138.256,0.5,,Vis.,MQA,2026-05-28T07:20:35Z
AAVSO,ALF ORI,1325615157,STD,2026-04-07T18:53:08Z,2026-04-07,2461138.2869,0.669,0.011,V,VOL,2026-05-28T07:20:35Z
AAVSO,ALF ORI,1325615158,STD,2026-04-07T18:55:26Z,2026-04-07,2461138.2885,0.661,0.011,V,VOL,2026-05-28T07:20:35Z
AAVSO,ALF ORI,1326026592,,2026-04-07T19:00:28Z,2026-04-07,2461138.292,0.6,,Vis.,BHA,2026-05-28T07:20:35Z
AAVSO,ALF ORI,1326247330,,2026-04-07T19:11:59Z,2026-04-07,2461138.3,0.65,,Vis.,SYU,2026-05-28T07:20:35Z
AAVSO,Betelgeuse,1325434815,,2026-04-07T19:39:59Z,2026-04-07,2461138.31944,0.45,,Vis.,MPIB,2026-05-28T07:20:35Z
AAVSO,alf ori,1325558684,,2026-04-07T19:59:31Z,2026-04-07,2461138.333,0.5,,Vis.,WBOA,2026-05-28T07:20:35Z
AAVSO,Alf Ori,1325434972,,2026-04-07T21:49:00Z,2026-04-07,2461138.40903,0.6,,Vis.,DCMA,2026-05-28T07:20:35Z
AAVSO,ALF ORI,1326025186,,2026-04-08T09:56:09Z,2026-04-08,2461138.914,0.6,,Vis.,ONOB,2026-05-28T07:20:35Z
AAVSO,ALF ORI,1325445742,,2026-04-08T17:39:50Z,2026-04-08,2461139.236,0.4,,Vis.,MQA,2026-05-28T07:20:35Z
AAVSO,ALF ORI,1326026593,,2026-04-08T19:00:28Z,2026-04-08,2461139.292,0.6,,Vis.,BHA,2026-05-28T07:20:35Z
AAVSO,alf Ori,1325471457,STD,2026-04-09T15:40:00Z,2026-04-09,2461140.152778,0.6,0.2,Vis.,SMPA,2026-05-28T07:20:35Z
AAVSO,ALF ORI,1326026594,,2026-04-09T19:00:28Z,2026-04-09,2461140.292,0.5,,Vis.,BHA,2026-05-28T07:20:35Z
AAVSO,ALF ORI,1325771848,,2026-04-09T19:01:03Z,2026-04-09,2461140.2924,0.4,,Vis.,VFK,2026-05-28T07:20:35Z
AAVSO,ALF ORI,1326247331,,2026-04-09T19:11:59Z,2026-04-09,2461140.3,0.65,,Vis.,SYU,2026-05-28T07:20:35Z
AAVSO,ALF ORI,1325778687,,2026-04-09T22:03:56Z,2026-04-09,2461140.4194,0.4,,Vis.,AAX,2026-05-28T07:20:35Z
AAVSO,alf Ori,1325471243,STD,2026-04-09T23:10:00Z,2026-04-09,2461140.46528,0.65,,Vis.,FADC,2026-05-28T07:20:35Z
AAVSO,alf Ori,1325471465,STD,2026-04-10T02:31:29Z,2026-04-10,2461140.6052,0.44,,Vis.,SASC,2026-05-28T07:20:35Z
AAVSO,ALF ORI,1326247332,,2026-04-10T19:11:59Z,2026-04-10,2461141.3,0.7,,Vis.,SYU,2026-05-28T07:20:35Z
AAVSO,alf ori,1325558685,,2026-04-10T19:59:31Z,2026-04-10,2461141.333,0.5,,Vis.,WBOA,2026-05-28T07:20:35Z
AAVSO,ALF ORI,1325483475,,2026-04-11T17:49:55Z,2026-04-11,2461142.243,0.4,,Vis.,MQA,2026-05-28T07:20:35Z
AAVSO,Betelgeuse,1325553803,,2026-04-11T20:19:59Z,2026-04-11,2461142.34722,0.45,,Vis.,MPIB,2026-05-28T07:20:35Z
AAVSO,ALF ORI,1325501963,,2026-04-12T17:29:45Z,2026-04-12,2461143.229,0.4,,Vis.,MQA,2026-05-28T07:20:35Z
AAVSO,ALF ORI,1326025187,,2026-04-13T10:04:47Z,2026-04-13,2461143.92,0.7,,Vis.,ONOB,2026-05-28T07:20:35Z
AAVSO,ALF ORI,1325507238,,2026-04-13T18:18:43Z,2026-04-13,2461144.263,0.4,,Vis.,MQA,2026-05-28T07:20:35Z
AAVSO,alp ori,1325553858,,2026-04-14T17:05:00Z,2026-04-14,2461145.21181,0.6,,Vis.,MOSB,2026-05-28T07:20:35Z
AAVSO,ALF ORI,1325624787,STD,2026-04-14T17:15:04Z,2026-04-14,2461145.2188,0.656,0.011,V,NOT,2026-05-28T07:20:35Z
AAVSO,ALF ORI,1326247333,,2026-04-14T19:11:59Z,2026-04-14,2461145.3,0.7,,Vis.,SYU,2026-05-28T07:20:35Z
AAVSO,Alf Ori,1325726960,,2026-04-14T19:35:02Z,2026-04-14,2461145.316,0.6,,Vis.,LCR,2026-05-28T07:20:35Z
AAVSO,alf ori,1325558686,,2026-04-14T19:59:31Z,2026-04-14,2461145.333,0.4,,Vis.,WBOA,2026-05-28T07:20:35Z
AAVSO,alf Ori,1325578074,STD,2026-04-14T20:50:03Z,2026-04-14,2461145.3681,0.62,,Vis.,DPV,2026-05-28T07:20:35Z
AAVSO,ALF ORI,1325778688,,2026-04-14T22:14:00Z,2026-04-14,2461145.4264,0.5,,Vis.,AAX,2026-05-28T07:20:35Z
AAVSO,ALF ORI,1325566368,,2026-04-15T18:00:00Z,2026-04-15,2461146.25,0.4,,Vis.,MQA,2026-05-28T07:20:35Z
AAVSO,Alpha Ori,1325578897,,2026-04-15T18:24:59Z,2026-04-15,2461146.26736,0.7,,Vis.,CSZ,2026-05-28T07:20:35Z
AAVSO,ALF ORI,1325645248,,2026-04-15T22:05:00Z,2026-04-15,2461146.42014,0.6,,Vis.,MEMC,2026-05-28T07:20:35Z
AAVSO,alf Ori,1325575031,STD,2026-04-16T03:49:59Z,2026-04-16,2461146.659722,1.0,,Vis.,AWBA,2026-05-28T07:20:35Z
AAVSO,alf Ori,1325584259,STD,2026-04-16T04:02:03Z,2026-04-16,2461146.6681,0.64,,Vis.,SASC,2026-05-28T07:20:35Z
AAVSO,ALF ORI,1325590956,,2026-04-17T01:39:59Z,2026-04-17,2461147.56944,0.6,,Vis.,CKB,2026-05-28T07:20:35Z
AAVSO,alf Ori,1325591408,STD,2026-04-17T03:24:00Z,2026-04-17,2461147.641667,0.35,,Vis.,AWBA,2026-05-28T07:20:35Z
AAVSO,ALF ORI,1325587300,,2026-04-17T18:00:00Z,2026-04-17,2461148.25,0.5,,Vis.,MQA,2026-05-28T07:20:35Z
AAVSO,Betelgeuse,1325587844,,2026-04-17T19:34:59Z,2026-04-17,2461148.31597,0.5,,Vis.,MPIB,2026-05-28T07:20:35Z
AAVSO,alf Ori,1325593262,STD,2026-04-17T20:13:03Z,2026-04-17,2461148.3424,0.65,,Vis.,DPV,2026-05-28T07:20:35Z
AAVSO,ALF ORI,1325782004,,2026-04-18T18:43:11Z,2026-04-18,2461149.28,0.7,,Vis.,JLZ,2026-05-28T07:20:35Z
AAVSO,Alf Ori,1325612077,,2026-04-18T19:00:59Z,2026-04-18,2461149.29236,0.7,,Vis.,MPTA,2026-05-28T07:20:35Z
AAVSO,Betelgeuse,1325954166,,2026-04-18T19:25:00Z,2026-04-18,2461149.30903,0.52,,Vis.,BCAD,2026-05-28T07:20:35Z
AAVSO,ALF ORI,1325778689,,2026-04-18T21:50:58Z,2026-04-18,2461149.4104,0.5,,Vis.,AAX,2026-05-28T07:20:35Z
AAVSO,alf Ori,1325623739,STD,2026-04-19T03:38:00Z,2026-04-19,2461149.651389,0.7,,Vis.,AWBA,2026-05-28T07:20:35Z
AAVSO,alf Ori,1325610348,STD,2026-04-19T04:24:57Z,2026-04-19,2461149.684,0.67,,Vis.,SASC,2026-05-28T07:20:35Z
AAVSO,alf Ori,1325764957,STD,2026-04-19T20:09:01Z,2026-04-19,2461150.3396,0.67,,Vis.,DPV,2026-05-28T07:20:35Z
AAVSO,ALF ORI,1325778690,,2026-04-19T21:37:00Z,2026-04-19,2461150.4007,0.6,,Vis.,AAX,2026-05-28T07:20:35Z
AAVSO,alf Ori,1325622109,STD,2026-04-20T00:47:55Z,2026-04-20,2461150.53328,0.9,,Vis.,AXAA,2026-05-28T07:20:35Z
AAVSO,alf Ori,1326088258,STD,2026-04-20T02:24:00Z,2026-04-20,2461150.6,0.7,,Vis.,MOW,2026-05-28T07:20:35Z
AAVSO,alf Ori,1325645251,STD,2026-04-20T04:25:00Z,2026-04-20,2461150.684028,0.6,,Vis.,AWBA,2026-05-28T07:20:35Z
AAVSO,alf Ori,1325665563,STD,2026-04-20T11:19:58Z,2026-04-20,2461150.9722,0.6,,Vis.,SRX,2026-05-28T07:20:35Z
AAVSO,Betelgeuse,1325636147,,2026-04-20T19:30:00Z,2026-04-20,2461151.3125,0.5,,Vis.,MPIB,2026-05-28T07:20:35Z
AAVSO,ALF ORI,1325778691,,2026-04-20T21:58:01Z,2026-04-20,2461151.4153,0.6,,Vis.,AAX,2026-05-28T07:20:35Z
AAVSO,Betelgeuse,1325648712,,2026-04-21T19:39:59Z,2026-04-21,2461152.31944,0.55,,Vis.,MPIB,2026-05-28T07:20:35Z
AAVSO,alf Ori,1325721805,STD,2026-04-21T22:09:59Z,2026-04-21,2461152.423611,0.4,,Vis.,MEMC,2026-05-28T07:20:35Z
AAVSO,ALF ORI,1325656648,STD,2026-04-22T15:19:09Z,2026-04-22,2461153.13831,0.677,0.01,V,NOT,2026-05-28T07:20:35Z
AAVSO,Betelgeuse,1325661880,,2026-04-22T19:30:00Z,2026-04-22,2461153.3125,0.6,,Vis.,MPIB,2026-05-28T07:20:35Z
AAVSO,Alf Ori,1325853953,,2026-04-22T19:39:56Z,2026-04-22,2461153.3194,0.6,,Vis.,LCR,2026-05-28T07:20:35Z
AAVSO,alf Ori,1325665471,STD,2026-04-23T02:55:58Z,2026-04-23,2461153.6222,0.67,,Vis.,SASC,2026-05-28T07:20:35Z
AAVSO,Betelgeuse,1325672278,,2026-04-23T19:30:00Z,2026-04-23,2461154.3125,0.5,,Vis.,MPIB,2026-05-28T07:20:35Z
AAVSO,alf ori,1325881060,,2026-04-24T11:01:00Z,2026-04-24,2461154.95903,0.6,,Vis.,SANG,2026-05-28T07:20:35Z
AAVSO,alp ori,1325770301,,2026-04-24T16:59:59Z,2026-04-24,2461155.20833,0.6,,Vis.,MOSB,2026-05-28T07:20:35Z
AAVSO,Alpha Ori,1325697968,,2026-04-24T18:49:59Z,2026-04-24,2461155.28472,0.6,,Vis.,CSZ,2026-05-28T07:20:35Z
AAVSO,Alf Ori,1325712026,,2026-04-25T19:30:00Z,2026-04-25,2461156.3125,0.7,,Vis.,MPTA,2026-05-28T07:20:35Z
AAVSO,Betelgeuse,1325954167,,2026-04-25T19:34:59Z,2026-04-25,2461156.31597,0.56,,Vis.,BCAD,2026-05-28T07:20:35Z
AAVSO,ALF ORI,1325778692,,2026-04-25T22:03:56Z,2026-04-25,2461156.4194,0.6,,Vis.,AAX,2026-05-28T07:20:35Z
AAVSO,ALF ORI,1325721635,STD,2026-04-26T15:16:33Z,2026-04-26,2461157.1365,0.677,0.009,V,NOT,2026-05-28T07:20:35Z
AAVSO,Betelgeuse,1325954168,,2026-04-26T19:38:00Z,2026-04-26,2461157.31806,0.61,,Vis.,BCAD,2026-05-28T07:20:35Z
AAVSO,alf Ori,1325793554,STD,2026-04-27T09:04:01Z,2026-04-27,2461157.8778,0.65,,Vis.,SRX,2026-05-28T07:20:35Z
AAVSO,Betelgeuse,1325730735,,2026-04-27T19:20:00Z,2026-04-27,2461158.30556,0.7,,Vis.,MPIB,2026-05-28T07:20:35Z
AAVSO,Alf Ori,1325987366,,2026-04-27T19:46:59Z,2026-04-27,2461158.3243,0.6,,Vis.,LCR,2026-05-28T07:20:35Z
AAVSO,Betelgeuse,1325730774,,2026-04-28T19:30:00Z,2026-04-28,2461159.3125,0.6,,Vis.,MPIB,2026-05-28T07:20:35Z
AAVSO,Betelgeuse,1325954170,,2026-04-28T19:50:00Z,2026-04-28,2461159.32639,0.57,,Vis.,BCAD,2026-05-28T07:20:35Z
AAVSO,Betelgeuse,1325742891,,2026-04-29T19:25:00Z,2026-04-29,2461160.30903,0.6,,Vis.,MPIB,2026-05-28T07:20:35Z
AAVSO,Betelgeuse,1325954171,,2026-04-29T19:39:59Z,2026-04-29,2461160.31944,0.59,,Vis.,BCAD,2026-05-28T07:20:35Z
AAVSO,alf Ori,1325756777,STD,2026-04-30T21:54:59Z,2026-04-30,2461161.41319,0.65,,Vis.,FADC,2026-05-28T07:20:35Z
AAVSO,ALF ORI,1325780876,STD,2026-05-01T16:43:39Z,2026-05-01,2461162.19699,0.691,0.005,V,NOT,2026-05-28T07:20:35Z
AAVSO,alf Ori,1325819562,,2026-05-01T19:23:00Z,2026-05-01,2461162.30764,0.6,,Vis.,SGQ,2026-05-28T07:20:35Z
AAVSO,Betelgeuse,1325954172,,2026-05-01T19:45:00Z,2026-05-01,2461162.32292,0.64,,Vis.,BCAD,2026-05-28T07:20:35Z
AAVSO,ALF ORI,1325819658,,2026-05-03T01:48:00Z,2026-05-03,2461163.575,0.5,,Vis.,CKB,2026-05-28T07:20:35Z
AAVSO,alpha Ori,1326242920,,2026-05-03T06:57:36Z,2026-05-03,2461163.79,0.4,,Vis.,ERW,2026-05-28T07:20:35Z
AAVSO,Betelgeuse,1325789714,,2026-05-03T19:25:00Z,2026-05-03,2461164.30903,0.7,,Vis.,MPIB,2026-05-28T07:20:35Z
AAVSO,ALF ORI,1326004719,STD,2026-05-09T15:37:37Z,2026-05-09,2461170.15113,0.691,0.008,V,NOT,2026-05-28T07:20:35Z
AAVSO,alf Ori,1326037184,STD,2026-05-11T08:40:59Z,2026-05-11,2461171.8618,0.65,,Vis.,SRX,2026-05-28T07:20:35Z
AAVSO,000-BBK-383,1326036281,,2026-05-12T02:12:54Z,2026-05-12,2461172.5923,0.7,,Vis.,WALG,2026-05-28T07:20:35Z
AAVSO,ALF ORI,1326098453,,2026-05-13T01:52:00Z,2026-05-13,2461173.57778,0.5,,Vis.,CKB,2026-05-28T07:20:35Z
AAVSO,alpha Ori,1326242921,,2026-05-14T07:26:24Z,2026-05-14,2461174.81,0.4,,Vis.,ERW,2026-05-28T07:20:35Z
AAVSO,alf Ori,1326278454,STD,2026-05-14T08:30:02Z,2026-05-14,2461174.8542,0.65,,Vis.,SRX,2026-05-28T07:20:35Z
AAVSO,alpha Ori,1326242914,,2026-05-15T06:28:48Z,2026-05-15,2461175.77,0.3,,Vis.,ERW,2026-05-28T07:20:35Z
AAVSO,alpha Ori,1326242917,,2026-05-16T06:14:23Z,2026-05-16,2461176.76,0.4,,Vis.,ERW,2026-05-28T07:20:35Z
AAVSO,alpha Ori,1326283805,,2026-05-18T06:14:23Z,2026-05-18,2461178.76,0.4,,Vis.,ERW,2026-05-28T07:20:35Z
AAVSO,alpha Ori,1326465707,,2026-05-27T06:14:23Z,2026-05-27,2461187.76,0.2,,Vis.,ERW,2026-05-28T07:20:35Z
